-- phpMyAdmin SQL Dump
-- version 3.4.10.1deb1
-- http://www.phpmyadmin.net
--
-- Host: localhost
-- Generation Time: Feb 02, 2014 at 10:04 AM
-- Server version: 5.5.35
-- PHP Version: 5.3.10-1ubuntu3.9

SET SQL_MODE="NO_AUTO_VALUE_ON_ZERO";
SET time_zone = "+00:00";


/*!40101 SET @OLD_CHARACTER_SET_CLIENT=@@CHARACTER_SET_CLIENT */;
/*!40101 SET @OLD_CHARACTER_SET_RESULTS=@@CHARACTER_SET_RESULTS */;
/*!40101 SET @OLD_COLLATION_CONNECTION=@@COLLATION_CONNECTION */;
/*!40101 SET NAMES utf8 */;

--
-- Database: `wtfo_jonathonsturdevant`
--

-- --------------------------------------------------------

--
-- Table structure for table `activation`
--

CREATE TABLE IF NOT EXISTS `activation` (
  `userid` int(11) NOT NULL DEFAULT '0',
  `code` varchar(100) NOT NULL DEFAULT '',
  `record` date NOT NULL DEFAULT '0000-00-00'
) ENGINE=MyISAM DEFAULT CHARSET=latin1;

-- --------------------------------------------------------

--
-- Table structure for table `cardio_exercises`
--

CREATE TABLE IF NOT EXISTS `cardio_exercises` (
  `id` tinyint(4) NOT NULL AUTO_INCREMENT,
  `name` varchar(80) NOT NULL,
  PRIMARY KEY (`id`)
) ENGINE=MyISAM  DEFAULT CHARSET=latin1 AUTO_INCREMENT=7 ;

--
-- Dumping data for table `cardio_exercises`
--

INSERT INTO `cardio_exercises` (`id`, `name`) VALUES
(1, '30 Minute Run'),
(2, '2 Mile Run'),
(3, 'Speed Intervals'),
(4, 'Hill Invervals'),
(5, '20 Minute Run at RPE: 8'),
(6, '45 Minute Run');

-- --------------------------------------------------------

--
-- Table structure for table `cardio_workouts`
--

CREATE TABLE IF NOT EXISTS `cardio_workouts` (
  `id` int(11) NOT NULL AUTO_INCREMENT,
  `record` date NOT NULL,
  `exercise` tinyint(4) NOT NULL,
  `day_number` tinyint(4) NOT NULL,
  `user` tinyint(4) NOT NULL,
  PRIMARY KEY (`id`)
) ENGINE=MyISAM  DEFAULT CHARSET=latin1 AUTO_INCREMENT=3 ;

--
-- Dumping data for table `cardio_workouts`
--

INSERT INTO `cardio_workouts` (`id`, `record`, `exercise`, `day_number`, `user`) VALUES
(1, '2010-01-19', 5, 2, 1),
(2, '2010-01-25', 5, 1, 1);

-- --------------------------------------------------------

--
-- Table structure for table `comments`
--

CREATE TABLE IF NOT EXISTS `comments` (
  `id` int(11) NOT NULL AUTO_INCREMENT,
  `user` tinyint(4) NOT NULL,
  `record` date NOT NULL,
  `comments` text,
  PRIMARY KEY (`id`)
) ENGINE=MyISAM  DEFAULT CHARSET=latin1 AUTO_INCREMENT=10 ;

--
-- Dumping data for table `comments`
--

INSERT INTO `comments` (`id`, `user`, `record`, `comments`) VALUES
(1, 1, '0000-00-00', 'Planks suck! I need a real gym so that I can do all of the exercises.'),
(2, 1, '0000-00-00', 'The run was easier today. I will have to start bumping it up now that I am getting back into it.'),
(3, 1, '0000-00-00', 'Initial investment in Golds Gym. Met with the rep Ryan and then with personal trainer Woody. Woody worked with Melissa to get her going in the right direction and gave me a thumbs up with what I had from Annie.'),
(4, 1, '0000-00-00', 'Did a brisk walk today at the gym. Attempted to meet with Kelly, but her classes are an hour long and we had not eaten yet.'),
(5, 1, '0000-00-00', 'With a 5 minute warmup this was as much as i could get through in 30 minutes'),
(6, 1, '0000-00-00', 'Warmup at 5.0'),
(7, 1, '0000-00-00', 'Using the machine for the dumbell ext hurts my left shoulder.'),
(8, 1, '0000-00-00', '1'),
(9, 1, '0000-00-00', 'Try doing 320 power squats next time (3-45, 1-25)\r\n');

-- --------------------------------------------------------

--
-- Table structure for table `exercises`
--

CREATE TABLE IF NOT EXISTS `exercises` (
  `id` tinyint(4) NOT NULL AUTO_INCREMENT,
  `muscle_group` tinyint(4) NOT NULL DEFAULT '0',
  `name` char(50) NOT NULL,
  PRIMARY KEY (`id`)
) ENGINE=MyISAM  DEFAULT CHARSET=latin1 AUTO_INCREMENT=108 ;

--
-- Dumping data for table `exercises`
--

INSERT INTO `exercises` (`id`, `muscle_group`, `name`) VALUES
(1, 1, 'Flat Bench'),
(2, 1, 'Incline Bench'),
(3, 1, 'Decline Bench'),
(4, 7, 'Leg Extension'),
(5, 7, 'Leg Curl'),
(6, 7, 'Leg Press'),
(7, 8, 'Calf Raise'),
(8, 4, 'Lower Back Ext'),
(9, 2, 'Lat Pulldown'),
(10, 2, 'Scap Retraction'),
(11, 5, 'Standing Curl'),
(12, 5, 'Reverse Curl'),
(13, 6, 'Pushdown'),
(14, 6, 'French Press'),
(15, 1, 'Chest Fly'),
(16, 3, 'Shoulder Press'),
(17, 3, 'Rear Deltoid Row'),
(18, 3, 'Lateral Shoulder Raise'),
(19, 3, 'Pull Up'),
(20, 5, 'Preacher Curl'),
(21, 7, 'Squat'),
(22, 6, 'Rope French Press'),
(23, 2, 'Hammer Lat Pulldown'),
(24, 3, 'Upright Row'),
(25, 1, 'Barbell Press'),
(26, 3, 'Shrugs'),
(27, 7, 'Hack Squat'),
(28, 4, 'Dead Lift'),
(29, 1, 'iso wide chest'),
(30, 1, 'Chest Fly / Ball'),
(31, 1, 'Split Stance Alternating D.B. Pushing Press'),
(32, 2, 'Single arm/leg bent-over D.B. row'),
(33, 7, 'Standing alternating lateral lunge'),
(34, 1, 'Supine alternating D.B. chest press / Ball'),
(35, 7, 'Standing alternating lunge'),
(36, 6, 'Standing straight arm high cable row'),
(37, 1, 'Split stance alternating cable row'),
(38, 1, 'Incline D.B. pushing press / Ball'),
(39, 4, 'Standing D.B. romanian style deadlift'),
(40, 2, 'Seated high cable row'),
(41, 6, 'Machine Pushdown'),
(43, 5, 'Hammer Curls'),
(44, 6, 'Dumbell Extention'),
(45, 7, 'Standing D.B. Squat'),
(46, 4, 'Seated High Cable Row'),
(47, 1, 'Incline D.B. Pushing Press'),
(48, 1, 'Split Stance Alternating Cable Row'),
(49, 1, 'Split Stance Cable Chest Fly'),
(50, 6, 'Kick Backs'),
(51, 5, 'Seated Curls'),
(52, 8, 'Calf Press'),
(53, 6, 'Cable Kick Backs'),
(58, 10, 'Boat Pose'),
(59, 10, 'Crunches'),
(60, 10, 'Bicycle'),
(61, 10, 'Back Extensions'),
(62, 10, 'Marches'),
(63, 10, 'Shoulder Bridge'),
(64, 10, 'Planks'),
(65, 11, 'Single Leg Balance'),
(66, 11, 'Single Leg Balance with Knee Lift'),
(67, 11, 'Step up on Bosu'),
(69, 2, 'Reverse Fly'),
(70, 6, 'Pushups on Ball'),
(71, 3, 'Military Press'),
(72, 3, 'Front Raise'),
(74, 1, 'Bench Press - Power'),
(75, 1, 'Incline Bench Press - Muscle'),
(76, 1, 'Dumbbell Bench Press - Muscle'),
(77, 1, 'Dumbbell Flys - Burn'),
(78, 6, 'Closegrip Bench Press - Power'),
(79, 6, 'Seated French Press  - Muscle'),
(80, 6, 'Cable Tricep Extension - Burn'),
(81, 2, 'Barbell Rows - Power'),
(82, 2, 'Dumbbell Rows  - Muscle'),
(83, 2, 'Lat Pull Down - Muscle'),
(84, 2, 'Seated Cable Row - Burn'),
(85, 3, 'Dumbbell Shrugs  - Muscle'),
(86, 3, 'Power Barbell Shrugs - Power'),
(87, 3, 'Power Barbell Shrugs - Burn'),
(88, 7, 'Squat - Power'),
(89, 7, 'Leg Press  - Muscle'),
(90, 7, 'Front Squat - Muscle'),
(91, 7, 'Leg Press - Burn'),
(92, 8, 'Seated Calf Raise - Muscle'),
(93, 8, '45 Degree Calf Raise  - Burn'),
(94, 3, 'Seated Barbell Press - Power'),
(95, 3, 'Seated Arnold Press  - Muscle'),
(96, 3, 'Barbell Front Raise - Muscle'),
(97, 3, 'Dumbbell Lateral Raise - Burn'),
(98, 5, 'Pinwheel Curls - Power'),
(99, 5, 'Standing Barbell Curl  - Muscle'),
(100, 5, 'Cable Preacher Curl - Burn'),
(101, 12, 'Romanian Deadlift - Power'),
(102, 12, 'Leg Curl  - Muscle'),
(103, 12, 'Leg Curl - Burn'),
(104, 6, 'EZ Bar Skullcrusher - Muscle'),
(105, 4, 'Deadlift - Power'),
(107, 2, 'Barbell Rows - Muscle');

-- --------------------------------------------------------

--
-- Table structure for table `exercise_links`
--

CREATE TABLE IF NOT EXISTS `exercise_links` (
  `exercise_id` int(11) NOT NULL DEFAULT '0',
  `link` varchar(500) NOT NULL,
  KEY `exercise_id` (`exercise_id`)
) ENGINE=MyISAM DEFAULT CHARSET=latin1;

--
-- Dumping data for table `exercise_links`
--

INSERT INTO `exercise_links` (`exercise_id`, `link`) VALUES
(69, 'http://exercise.about.com/od/strengthtrainingworkouts/ss/backexercises2_3.htm'),
(9, 'http://www.myfit.ca/exercisedatabase/viewanexercise.asp?exercise=Lat+Pulldown&table=exercises&ID=6'),
(40, 'http://www.myfit.ca/exercisedatabase/viewanexercise.asp?exercise=Seated+Row&table=exercises&ID=5'),
(43, 'http://www.myfit.ca/exercisedatabase/viewanexercise.asp?exercise=Hammer+Curls&table=exercises&ID=56'),
(11, 'http://www.myfit.ca/exercisedatabase/viewanexercise.asp?exercise=Dumbbell+Curls&table=exercises&ID=24'),
(63, 'http://pilates.about.com/od/pilatesmat/tp/Shoulder-Bridge.htm'),
(64, 'http://exercise.about.com/od/abs/ss/abexercises_10.htm'),
(60, 'http://exercise.about.com/od/abs/ss/abexercises.htm'),
(5, 'http://www.building-muscle101.com/leg-curl.html'),
(6, 'http://www.building-muscle101.com/leg-press.html'),
(22, 'http://bicepsmania.com/index.php/Triceps/RopeTricepsPush-down'),
(44, 'http://www.exrx.net/WeightExercises/Triceps/DBTriExt.html'),
(74, 'http://www.muscleandstrength.com/exercises/barbell-bench-press.html'),
(75, 'http://www.muscleandstrength.com/exercises/incline-bench-press.html'),
(77, 'http://www.muscleandstrength.com/exercises/dumbbell-flys.html'),
(76, 'http://www.muscleandstrength.com/exercises/dumbbell-bench-press.html'),
(78, 'http://www.muscleandstrength.com/exercises/close-grip-bench-press.html'),
(79, 'http://www.muscleandstrength.com/exercises/overhead-barbell-extension.html'),
(80, 'http://www.muscleandstrength.com/exercises/tricep-extension.html'),
(81, 'http://www.muscleandstrength.com/exercises/bent-over-barbell-row.html'),
(82, 'http://www.muscleandstrength.com/exercises/bent-over-dumbbell-row.html'),
(83, 'http://www.muscleandstrength.com/exercises/lat-pull-down.html'),
(84, 'http://www.muscleandstrength.com/exercises/seated-row.html'),
(86, 'http://www.muscleandstrength.com/exercises/barbell-shrug.html'),
(87, 'http://www.muscleandstrength.com/exercises/barbell-shrug.html'),
(85, 'http://www.muscleandstrength.com/exercises/dumbbell-shrugs.html'),
(88, 'http://www.muscleandstrength.com/exercises/squat.html'),
(21, 'http://www.muscleandstrength.com/exercises/squat.html'),
(89, 'http://www.muscleandstrength.com/exercises/45-degree-leg-press.html'),
(90, 'http://www.muscleandstrength.com/exercises/front-squat.html'),
(91, 'http://www.muscleandstrength.com/exercises/45-degree-leg-press.html'),
(92, 'http://www.muscleandstrength.com/exercises/seated-calf-raise.html'),
(93, 'http://www.muscleandstrength.com/exercises/45-degress-calf-press.html'),
(94, 'http://www.muscleandstrength.com/exercises/seated-shoulder-press.html'),
(95, 'http://www.muscleandstrength.com/exercises/seated-arnold-press.html'),
(96, 'http://www.muscleandstrength.com/exercises/barbell-front-raise.html'),
(97, 'http://www.muscleandstrength.com/exercises/dumbbell-lateral-raise.html'),
(98, 'http://www.muscleandstrength.com/exercises/hammer-curl-across-the-body.html'),
(99, 'http://www.muscleandstrength.com/exercises/standing-barbell-curl.html'),
(100, 'http://www.muscleandstrength.com/exercises/preacher-cable-curl.html'),
(101, 'http://www.muscleandstrength.com/exercises/stiff-leg-deadlift-aka-romanian-deadlift.html'),
(102, 'http://www.muscleandstrength.com/exercises/leg-curl.html'),
(103, 'http://www.muscleandstrength.com/exercises/leg-curl.html'),
(104, 'http://www.muscleandstrength.com/exercises/ez-bar-skullcrusher.html'),
(105, 'http://www.muscleandstrength.com/exercises/deadlifts.html'),
(107, 'http://www.muscleandstrength.com/exercises/bent-over-barbell-row.html');

-- --------------------------------------------------------

--
-- Table structure for table `measurements`
--

CREATE TABLE IF NOT EXISTS `measurements` (
  `id` int(11) NOT NULL AUTO_INCREMENT,
  `user` tinyint(4) NOT NULL DEFAULT '0',
  `record` date NOT NULL DEFAULT '0000-00-00',
  `muscle_group` int(11) NOT NULL DEFAULT '0',
  `measurement` float(10,2) NOT NULL DEFAULT '0.00',
  `unit` char(5) NOT NULL DEFAULT '',
  PRIMARY KEY (`id`),
  KEY `user` (`user`,`record`)
) ENGINE=MyISAM DEFAULT CHARSET=latin1 AUTO_INCREMENT=1 ;

-- --------------------------------------------------------

--
-- Table structure for table `muscle_group`
--

CREATE TABLE IF NOT EXISTS `muscle_group` (
  `id` tinyint(4) NOT NULL AUTO_INCREMENT,
  `name` char(50) NOT NULL,
  PRIMARY KEY (`id`),
  KEY `id` (`id`)
) ENGINE=MyISAM  DEFAULT CHARSET=latin1 AUTO_INCREMENT=13 ;

--
-- Dumping data for table `muscle_group`
--

INSERT INTO `muscle_group` (`id`, `name`) VALUES
(1, 'Chest'),
(2, 'Lats'),
(3, 'Shoulders'),
(4, 'Lower Back'),
(5, 'Biceps'),
(6, 'Triceps'),
(7, 'Quadriceps'),
(8, 'Calfs'),
(9, 'Cardio'),
(10, 'Core'),
(11, 'Balance'),
(12, 'Hamstrings');

-- --------------------------------------------------------

--
-- Table structure for table `routine`
--

CREATE TABLE IF NOT EXISTS `routine` (
  `id` int(4) NOT NULL AUTO_INCREMENT,
  `day_number` tinyint(4) NOT NULL DEFAULT '0',
  `exercises` char(50) DEFAULT NULL,
  `cardio_exercises` char(50) DEFAULT NULL,
  `user` tinyint(4) DEFAULT NULL,
  `routine` varchar(20) DEFAULT NULL,
  PRIMARY KEY (`id`),
  KEY `id` (`id`)
) ENGINE=MyISAM  DEFAULT CHARSET=latin1 AUTO_INCREMENT=9 ;

--
-- Dumping data for table `routine`
--

INSERT INTO `routine` (`id`, `day_number`, `exercises`, `cardio_exercises`, `user`, `routine`) VALUES
(1, 1, '74,75,76,77,100,99,98', '5', 1, '10,10,10,10'),
(2, 2, '90,89,91,88,101,102,103', '2', 1, '10,10,10,10'),
(3, 3, '96,97,94,95,78,80,104,79', NULL, 1, '10,10,10,10'),
(4, 4, '84,83,107,105,93,92,60', '2', 1, '10,10,10,10'),
(6, 1, '15', NULL, 3, '20,20,20'),
(8, 3, '5,33,27,52', NULL, 3, '20,20,20');

-- --------------------------------------------------------

--
-- Table structure for table `preconfig_routine`
--

CREATE TABLE IF NOT EXISTS `preconfig_routine` (
  `id` int(4) NOT NULL AUTO_INCREMENT,
  `day_number` tinyint(4) NOT NULL DEFAULT '0',
  `exercises` char(50) DEFAULT NULL,
  `cardio_exercises` char(50) DEFAULT NULL,
  `set_number` tinyint(4) DEFAULT NULL,
  `routine` varchar(20) DEFAULT NULL,
  `name` varchar(50) DEFAULT NULL,
  `reference` varchar(200) DEFAULT NULL,
  PRIMARY KEY (`id`),
  KEY `id` (`id`)
) ENGINE=MyISAM  DEFAULT CHARSET=latin1 AUTO_INCREMENT=9 ;

--
-- Dumping data for table `preconfig_routine`
--

INSERT INTO `preconfig_routine` (`id`, `day_number`, `exercises`, `cardio_exercises`, `set_number`, `routine`, `reference`, `name`) VALUES
(1, 1, '74,75,76,77,100,99,98', '5', 1, '10,10,10,10', 'http://www.muscleandstrength.com/workouts/4-day-power-muscle-burn-workout-split.html', '4 Day Power Muscle Burn Workout'),
(2, 2, '90,89,91,88,101,102,103', '2', 1, '10,10,10,10', 'http://www.muscleandstrength.com/workouts/4-day-power-muscle-burn-workout-split.html', '4 Day Power Muscle Burn Workout'),
(3, 3, '96,97,94,95,78,80,104,79', NULL, 1, '10,10,10,10', 'http://www.muscleandstrength.com/workouts/4-day-power-muscle-burn-workout-split.html', '4 Day Power Muscle Burn Workout'),
(4, 4, '84,83,107,105,93,92,60', '2', 1, '10,10,10,10', 'http://www.muscleandstrength.com/workouts/4-day-power-muscle-burn-workout-split.html', '4 Day Power Muscle Burn Workout');

-- --------------------------------------------------------

--
-- Table structure for table `users`
--

CREATE TABLE IF NOT EXISTS `users` (
  `id` int(4) NOT NULL AUTO_INCREMENT,
  `user` varchar(15) NOT NULL DEFAULT '',
  `num_of_days` tinyint(4) NOT NULL DEFAULT '0',
  `password` varchar(100) NOT NULL DEFAULT '',
  `admin` tinyint(4) NOT NULL DEFAULT '0',
  `active` tinyint(4) NOT NULL DEFAULT '0',
  `email` varchar(75) NOT NULL DEFAULT '',
  PRIMARY KEY (`id`)
) ENGINE=MyISAM  DEFAULT CHARSET=latin1 AUTO_INCREMENT=5 ;

--
-- Dumping data for table `users`
--

INSERT INTO `users` (`id`, `user`, `num_of_days`, `password`, `admin`, `active`, `email`) VALUES
(1, 'demo', 4, 'fe01ce2a7fbac8fafaed7c982a04e229', 0, 1, 'demo@demo.com');

-- --------------------------------------------------------

--
-- Table structure for table `user_config`
--

CREATE TABLE IF NOT EXISTS `user_config` (
  `id` int(11) NOT NULL AUTO_INCREMENT,
  `name` varchar(50) NOT NULL,
  `value` varchar(200) NOT NULL,
  `user_id` int(11) NOT NULL,
  PRIMARY KEY (`id`)
) ENGINE=InnoDB DEFAULT CHARSET=latin1 AUTO_INCREMENT=1 ;

-- --------------------------------------------------------

--
-- Table structure for table `weight`
--

CREATE TABLE IF NOT EXISTS `weight` (
  `id` int(11) NOT NULL AUTO_INCREMENT,
  `record` date NOT NULL DEFAULT '0000-00-00',
  `weight` float(10,2) NOT NULL DEFAULT '0.00',
  `user` tinyint(4) NOT NULL DEFAULT '1',
  PRIMARY KEY (`id`),
  KEY `user` (`user`),
  KEY `record` (`record`)
) ENGINE=MyISAM  DEFAULT CHARSET=latin1 AUTO_INCREMENT=11 ;

--
-- Dumping data for table `weight`
--

INSERT INTO `weight` (`id`, `record`, `weight`, `user`) VALUES
(1, '2010-01-19', 251.00, 1),
(2, '2010-01-21', 250.50, 1),
(3, '2010-01-25', 249.50, 1),
(4, '2011-07-23', 254.00, 1),
(5, '2011-08-15', 258.00, 1),
(6, '2011-10-12', 255.00, 1),
(7, '2011-10-22', 252.00, 1),
(8, '2013-07-25', 247.00, 1),
(9, '2013-07-30', 247.00, 1),
(10, '2013-08-08', 244.00, 1);

-- --------------------------------------------------------

--
-- Table structure for table `workouts`
--

CREATE TABLE IF NOT EXISTS `workouts` (
  `id` int(4) NOT NULL AUTO_INCREMENT,
  `record` date NOT NULL DEFAULT '0000-00-00',
  `exercise` tinyint(4) NOT NULL DEFAULT '0',
  `set_number` tinyint(4) NOT NULL DEFAULT '0',
  `reps` tinyint(4) NOT NULL DEFAULT '0',
  `weight` float(10,2) NOT NULL DEFAULT '0.00',
  `day_number` tinyint(4) NOT NULL DEFAULT '0',
  `user` tinyint(4) NOT NULL DEFAULT '1',
  PRIMARY KEY (`id`),
  KEY `record` (`record`),
  KEY `user` (`user`)
) ENGINE=MyISAM  DEFAULT CHARSET=latin1 AUTO_INCREMENT=1664 ;

--
-- Dumping data for table `workouts`
--

INSERT INTO `workouts` (`id`, `record`, `exercise`, `set_number`, `reps`, `weight`, `day_number`, `user`) VALUES
(1, '2010-01-19', 9, 1, 10, 100.00, 2, 1),
(2, '2010-01-19', 9, 2, 10, 100.00, 2, 1),
(3, '2010-01-19', 9, 3, 10, 100.00, 2, 1),
(4, '2010-01-19', 9, 4, 127, 2.00, 2, 1),
(5, '2010-01-19', 68, 1, 20, 4.00, 2, 1),
(6, '2010-01-19', 68, 2, 20, 4.00, 2, 1),
(7, '2010-01-19', 68, 3, 20, 4.00, 2, 1),
(8, '2010-01-19', 68, 4, 127, 1.00, 2, 1),
(9, '2010-01-21', 61, 1, 1, 15.00, 3, 1),
(10, '2010-01-21', 61, 2, 1, 15.00, 3, 1),
(11, '2010-01-21', 61, 3, 1, 15.00, 3, 1),
(12, '2010-01-21', 61, 4, 127, 1.00, 3, 1),
(13, '2010-01-21', 62, 1, 1, 10.00, 3, 1),
(14, '2010-01-21', 62, 2, 1, 10.00, 3, 1),
(15, '2010-01-21', 62, 3, 1, 10.00, 3, 1),
(16, '2010-01-21', 62, 4, 127, 1.00, 3, 1),
(17, '2010-01-21', 63, 1, 1, 15.00, 3, 1),
(18, '2010-01-21', 63, 2, 1, 15.00, 3, 1),
(19, '2010-01-21', 63, 3, 1, 15.00, 3, 1),
(20, '2010-01-21', 63, 4, 127, 1.00, 3, 1),
(21, '2010-01-21', 64, 1, 1, 15.00, 3, 1),
(22, '2010-01-21', 64, 2, 1, 15.00, 3, 1),
(23, '2010-01-21', 64, 3, 1, 15.00, 3, 1),
(24, '2010-01-21', 64, 4, 127, 1.00, 3, 1),
(25, '2010-01-21', 70, 1, 10, 1.00, 3, 1),
(26, '2010-01-21', 70, 2, 10, 1.00, 3, 1),
(27, '2010-01-21', 70, 3, 10, 1.00, 3, 1),
(28, '2010-01-21', 70, 4, 127, 1.00, 3, 1),
(29, '2010-01-25', 9, 1, 10, 100.00, 1, 1),
(30, '2010-01-25', 9, 2, 10, 100.00, 1, 1),
(31, '2010-01-25', 9, 3, 10, 100.00, 1, 1),
(32, '2010-01-25', 9, 4, 127, 1.00, 1, 1),
(33, '2010-01-25', 11, 1, 10, 40.00, 1, 1),
(34, '2010-01-25', 11, 2, 10, 40.00, 1, 1),
(35, '2010-01-25', 11, 3, 10, 40.00, 1, 1),
(36, '2010-01-25', 11, 4, 127, 1.00, 1, 1),
(37, '2010-01-25', 68, 1, 20, 4.50, 1, 1),
(38, '2010-01-25', 68, 2, 20, 4.50, 1, 1),
(39, '2010-01-25', 68, 3, 20, 4.50, 1, 1),
(40, '2010-01-25', 68, 4, 127, 1.00, 1, 1),
(41, '2011-07-23', 9, 1, 10, 100.00, 1, 1),
(42, '2011-07-23', 9, 2, 10, 100.00, 1, 1),
(43, '2011-07-23', 9, 3, 10, 100.00, 1, 1),
(44, '2011-07-23', 9, 4, 127, 1.00, 1, 1),
(45, '2011-07-23', 11, 1, 10, 15.00, 1, 1),
(46, '2011-07-23', 11, 2, 10, 15.00, 1, 1),
(47, '2011-07-23', 11, 3, 10, 15.00, 1, 1),
(48, '2011-07-23', 11, 4, 127, 2.00, 1, 1),
(49, '2011-07-23', 40, 1, 10, 120.00, 1, 1),
(50, '2011-07-23', 40, 2, 10, 100.00, 1, 1),
(51, '2011-07-23', 40, 3, 10, 100.00, 1, 1),
(52, '2011-07-23', 40, 4, 127, 0.00, 1, 1),
(53, '2011-07-23', 43, 1, 10, 20.00, 1, 1),
(54, '2011-07-23', 43, 2, 10, 15.00, 1, 1),
(55, '2011-07-23', 43, 3, 10, 15.00, 1, 1),
(56, '2011-07-23', 43, 4, 127, 1.00, 1, 1),
(57, '2011-07-24', 2, 1, 2, 3.50, 2, 1),
(58, '2011-07-24', 2, 2, 127, 1.00, 2, 1),
(59, '2011-07-26', 5, 1, 15, 50.00, 2, 1),
(60, '2011-07-26', 5, 2, 15, 40.00, 2, 1),
(61, '2011-07-26', 5, 3, 15, 40.00, 2, 1),
(62, '2011-07-26', 5, 4, 127, 0.00, 2, 1),
(63, '2011-07-26', 6, 1, 15, 190.00, 2, 1),
(64, '2011-07-26', 6, 2, 15, 190.00, 2, 1),
(65, '2011-07-26', 6, 3, 15, 190.00, 2, 1),
(66, '2011-07-26', 6, 4, 127, 1.00, 2, 1),
(67, '2011-07-26', 7, 1, 15, 50.00, 2, 1),
(68, '2011-07-26', 7, 2, 15, 50.00, 2, 1),
(69, '2011-07-26', 7, 3, 15, 50.00, 2, 1),
(70, '2011-07-26', 7, 4, 127, 1.00, 2, 1),
(71, '2011-07-27', 22, 1, 10, 50.00, 3, 1),
(72, '2011-07-27', 22, 2, 10, 50.00, 3, 1),
(73, '2011-07-27', 22, 3, 10, 50.00, 3, 1),
(74, '2011-07-27', 22, 4, 127, 1.00, 3, 1),
(75, '2011-07-27', 25, 1, 9, 95.00, 3, 1),
(76, '2011-07-27', 25, 2, 8, 95.00, 3, 1),
(77, '2011-07-27', 25, 3, 10, 95.00, 3, 1),
(78, '2011-07-27', 25, 4, 127, 0.00, 3, 1),
(79, '2011-07-27', 44, 1, 10, 15.00, 3, 1),
(80, '2011-07-27', 44, 2, 10, 15.00, 3, 1),
(81, '2011-07-27', 44, 3, 10, 15.00, 3, 1),
(82, '2011-07-27', 44, 4, 127, 1.00, 3, 1),
(83, '2011-08-01', 5, 1, 10, 60.00, 1, 1),
(84, '2011-08-01', 5, 2, 10, 45.00, 1, 1),
(85, '2011-08-01', 5, 3, 10, 40.00, 1, 1),
(86, '2011-08-01', 5, 4, 127, 0.00, 1, 1),
(87, '2011-08-01', 6, 1, 10, 290.00, 1, 1),
(88, '2011-08-01', 6, 2, 10, 330.00, 1, 1),
(89, '2011-08-01', 6, 3, 10, 330.00, 1, 1),
(90, '2011-08-01', 6, 4, 127, 1.00, 1, 1),
(91, '2011-08-01', 21, 1, 10, 180.00, 1, 1),
(92, '2011-08-01', 21, 2, 10, 180.00, 1, 1),
(93, '2011-08-01', 21, 3, 10, 180.00, 1, 1),
(94, '2011-08-01', 21, 4, 127, 1.00, 1, 1),
(95, '2011-08-01', 61, 1, 10, 210.00, 1, 1),
(96, '2011-08-01', 61, 2, 10, 210.00, 1, 1),
(97, '2011-08-01', 61, 3, 10, 210.00, 1, 1),
(98, '2011-08-01', 61, 4, 127, 1.00, 1, 1),
(99, '2011-08-03', 9, 1, 10, 100.00, 1, 1),
(100, '2011-08-03', 9, 2, 10, 100.00, 1, 1),
(101, '2011-08-03', 9, 3, 10, 100.00, 1, 1),
(102, '2011-08-03', 9, 4, 127, 1.00, 1, 1),
(103, '2011-08-03', 11, 1, 10, 20.00, 1, 1),
(104, '2011-08-03', 11, 2, 10, 20.00, 1, 1),
(105, '2011-08-03', 11, 3, 10, 15.00, 1, 1),
(106, '2011-08-03', 11, 4, 127, 0.00, 1, 1),
(107, '2011-08-03', 40, 1, 10, 90.00, 1, 1),
(108, '2011-08-03', 40, 2, 10, 90.00, 1, 1),
(109, '2011-08-03', 40, 3, 10, 90.00, 1, 1),
(110, '2011-08-03', 40, 4, 127, 1.00, 1, 1),
(111, '2011-08-03', 61, 1, 10, 190.00, 1, 1),
(112, '2011-08-03', 61, 2, 10, 190.00, 1, 1),
(113, '2011-08-03', 61, 3, 10, 190.00, 1, 1),
(114, '2011-08-03', 61, 4, 127, 1.00, 1, 1),
(115, '2011-08-08', 22, 1, 10, 50.00, 3, 1),
(116, '2011-08-08', 22, 2, 10, 50.00, 3, 1),
(117, '2011-08-08', 22, 3, 10, 50.00, 3, 1),
(118, '2011-08-08', 22, 4, 127, 1.00, 3, 1),
(119, '2011-08-08', 25, 1, 10, 80.00, 3, 1),
(120, '2011-08-08', 25, 2, 10, 80.00, 3, 1),
(121, '2011-08-08', 25, 3, 10, 80.00, 3, 1),
(122, '2011-08-08', 25, 4, 127, 1.00, 3, 1),
(123, '2011-08-08', 44, 1, 10, 25.00, 3, 1),
(124, '2011-08-08', 44, 2, 10, 25.00, 3, 1),
(125, '2011-08-08', 44, 3, 10, 25.00, 3, 1),
(126, '2011-08-08', 44, 4, 127, 1.00, 3, 1),
(127, '2011-08-08', 61, 1, 10, 190.00, 3, 1),
(128, '2011-08-08', 61, 2, 10, 190.00, 3, 1),
(129, '2011-08-08', 61, 3, 10, 190.00, 3, 1),
(130, '2011-08-08', 61, 4, 127, 1.00, 3, 1),
(131, '2011-08-10', 18, 1, 10, 15.00, 4, 1),
(132, '2011-08-10', 18, 2, 10, 15.00, 4, 1),
(133, '2011-08-10', 18, 3, 10, 15.00, 4, 1),
(134, '2011-08-10', 18, 4, 127, 1.00, 4, 1),
(135, '2011-08-10', 26, 1, 10, 40.00, 4, 1),
(136, '2011-08-10', 26, 2, 10, 40.00, 4, 1),
(137, '2011-08-10', 26, 3, 10, 40.00, 4, 1),
(138, '2011-08-10', 26, 4, 127, 1.00, 4, 1),
(139, '2011-08-10', 71, 1, 10, 80.00, 4, 1),
(140, '2011-08-10', 71, 2, 10, 70.00, 4, 1),
(141, '2011-08-10', 71, 3, 10, 70.00, 4, 1),
(142, '2011-08-10', 71, 4, 127, 1.00, 4, 1),
(143, '2011-08-11', 5, 1, 10, 50.00, 1, 1),
(144, '2011-08-11', 5, 2, 10, 50.00, 1, 1),
(145, '2011-08-11', 5, 3, 10, 50.00, 1, 1),
(146, '2011-08-11', 5, 4, 127, 1.00, 1, 1),
(147, '2011-08-11', 6, 1, 10, 370.00, 1, 1),
(148, '2011-08-11', 6, 2, 10, 370.00, 1, 1),
(149, '2011-08-11', 6, 3, 10, 370.00, 1, 1),
(150, '2011-08-11', 6, 4, 127, 1.00, 1, 1),
(151, '2011-08-11', 7, 1, 10, 60.00, 1, 1),
(152, '2011-08-11', 7, 2, 10, 50.00, 1, 1),
(153, '2011-08-11', 7, 3, 10, 50.00, 1, 1),
(154, '2011-08-11', 7, 4, 127, 1.00, 1, 1),
(155, '2011-08-11', 21, 1, 10, 180.00, 1, 1),
(156, '2011-08-11', 21, 2, 10, 180.00, 1, 1),
(157, '2011-08-11', 21, 3, 127, 1.00, 1, 1),
(158, '2011-08-04', 2, 1, 30, 4.00, 2, 1),
(159, '2011-08-04', 2, 2, 127, 1.00, 2, 1),
(160, '2011-08-14', 5, 1, 40, 3.50, 1, 1),
(161, '2011-08-14', 5, 2, 127, 1.00, 1, 1),
(162, '2011-07-28', 5, 1, 40, 4.00, 1, 1),
(163, '2011-07-28', 5, 2, 127, 1.00, 1, 1),
(164, '2011-08-15', 9, 1, 10, 100.00, 1, 1),
(165, '2011-08-15', 9, 2, 10, 100.00, 1, 1),
(166, '2011-08-15', 9, 3, 10, 100.00, 1, 1),
(167, '2011-08-15', 9, 4, 127, 2.00, 1, 1),
(168, '2011-08-15', 11, 1, 10, 15.00, 1, 1),
(169, '2011-08-15', 11, 2, 10, 15.00, 1, 1),
(170, '2011-08-15', 11, 3, 10, 15.00, 1, 1),
(171, '2011-08-15', 11, 4, 127, 1.00, 1, 1),
(172, '2011-08-15', 40, 1, 10, 90.00, 1, 1),
(173, '2011-08-15', 40, 2, 10, 90.00, 1, 1),
(174, '2011-08-15', 40, 3, 10, 90.00, 1, 1),
(175, '2011-08-15', 40, 4, 127, 1.00, 1, 1),
(176, '2011-08-15', 61, 1, 10, 210.00, 1, 1),
(177, '2011-08-15', 61, 2, 10, 210.00, 1, 1),
(178, '2011-08-15', 61, 3, 10, 210.00, 1, 1),
(179, '2011-08-15', 61, 4, 127, 1.00, 1, 1),
(180, '2011-08-17', 5, 1, 13, 40.00, 2, 1),
(181, '2011-08-17', 5, 2, 13, 40.00, 2, 1),
(182, '2011-08-17', 5, 3, 15, 40.00, 2, 1),
(183, '2011-08-17', 5, 4, 127, 1.00, 2, 1),
(184, '2011-08-17', 21, 1, 15, 190.00, 2, 1),
(185, '2011-08-17', 21, 2, 15, 190.00, 2, 1),
(186, '2011-08-17', 21, 3, 15, 190.00, 2, 1),
(187, '2011-08-17', 21, 4, 127, 1.00, 2, 1),
(188, '2011-08-31', 9, 1, 10, 120.00, 1, 1),
(189, '2011-08-31', 9, 2, 10, 120.00, 1, 1),
(190, '2011-08-31', 9, 3, 10, 120.00, 1, 1),
(191, '2011-08-31', 9, 4, 127, 1.00, 1, 1),
(192, '2011-08-31', 11, 1, 10, 15.00, 1, 1),
(193, '2011-08-31', 11, 2, 10, 15.00, 1, 1),
(194, '2011-08-31', 11, 3, 10, 15.00, 1, 1),
(195, '2011-08-31', 11, 4, 127, 1.00, 1, 1),
(196, '2011-08-31', 40, 1, 10, 100.00, 1, 1),
(197, '2011-08-31', 40, 2, 10, 100.00, 1, 1),
(198, '2011-08-31', 40, 3, 10, 100.00, 1, 1),
(199, '2011-08-31', 40, 4, 127, 1.00, 1, 1),
(200, '2011-08-31', 61, 1, 10, 250.00, 1, 1),
(201, '2011-08-31', 61, 2, 10, 250.00, 1, 1),
(202, '2011-08-31', 61, 3, 10, 250.00, 1, 1),
(203, '2011-08-31', 61, 4, 127, 1.00, 1, 1),
(204, '2011-09-01', 5, 1, 10, 40.00, 2, 1),
(205, '2011-09-01', 5, 2, 10, 40.00, 2, 1),
(206, '2011-09-01', 5, 3, 10, 40.00, 2, 1),
(207, '2011-09-01', 5, 4, 127, 1.00, 2, 1),
(208, '2011-09-01', 6, 1, 10, 370.00, 2, 1),
(209, '2011-09-01', 6, 2, 15, 370.00, 2, 1),
(210, '2011-09-01', 6, 3, 15, 370.00, 2, 1),
(211, '2011-09-01', 6, 4, 127, 1.00, 2, 1),
(212, '2011-09-01', 21, 1, 10, 180.00, 2, 1),
(213, '2011-09-01', 21, 2, 10, 180.00, 2, 1),
(214, '2011-09-01', 21, 3, 10, 180.00, 2, 1),
(215, '2011-09-01', 21, 4, 127, 1.00, 2, 1),
(216, '2011-09-07', 22, 1, 10, 27.50, 3, 1),
(217, '2011-09-07', 22, 2, 10, 27.50, 3, 1),
(218, '2011-09-07', 22, 3, 10, 27.50, 3, 1),
(219, '2011-09-07', 22, 4, 127, 1.00, 3, 1),
(220, '2011-09-07', 25, 1, 10, 80.00, 3, 1),
(221, '2011-09-07', 25, 2, 10, 80.00, 3, 1),
(222, '2011-09-07', 25, 3, 10, 80.00, 3, 1),
(223, '2011-09-07', 25, 4, 127, 1.00, 3, 1),
(224, '2011-09-07', 61, 1, 10, 270.00, 3, 1),
(225, '2011-09-07', 61, 2, 127, 1.00, 3, 1),
(226, '2011-09-08', 18, 1, 10, 15.00, 4, 1),
(227, '2011-09-08', 18, 2, 10, 15.00, 4, 1),
(228, '2011-09-08', 18, 3, 10, 15.00, 4, 1),
(229, '2011-09-08', 18, 4, 127, 1.00, 4, 1),
(230, '2011-09-08', 26, 1, 10, 90.00, 4, 1),
(231, '2011-09-08', 26, 2, 10, 90.00, 4, 1),
(232, '2011-09-08', 26, 3, 10, 90.00, 4, 1),
(233, '2011-09-08', 26, 4, 127, 1.00, 4, 1),
(234, '2011-09-08', 71, 1, 10, 70.00, 4, 1),
(235, '2011-09-08', 71, 2, 10, 70.00, 4, 1),
(236, '2011-09-08', 71, 3, 10, 70.00, 4, 1),
(237, '2011-09-08', 71, 4, 127, 1.00, 4, 1),
(238, '2011-09-08', 72, 1, 10, 15.00, 4, 1),
(239, '2011-09-08', 72, 2, 10, 15.00, 4, 1),
(240, '2011-09-08', 72, 3, 10, 15.00, 4, 1),
(241, '2011-09-08', 72, 4, 127, 1.00, 4, 1),
(242, '2011-09-12', 9, 1, 10, 120.00, 1, 1),
(243, '2011-09-12', 9, 2, 10, 120.00, 1, 1),
(244, '2011-09-12', 9, 3, 10, 120.00, 1, 1),
(245, '2011-09-12', 9, 4, 127, 1.00, 1, 1),
(246, '2011-09-12', 11, 1, 10, 15.00, 1, 1),
(247, '2011-09-12', 11, 2, 10, 15.00, 1, 1),
(248, '2011-09-12', 11, 3, 10, 15.00, 1, 1),
(249, '2011-09-12', 11, 4, 127, 1.00, 1, 1),
(250, '2011-09-12', 40, 1, 10, 100.00, 1, 1),
(251, '2011-09-12', 40, 2, 10, 100.00, 1, 1),
(252, '2011-09-12', 40, 3, 10, 100.00, 1, 1),
(253, '2011-09-12', 40, 4, 127, 1.00, 1, 1),
(254, '2011-09-12', 61, 1, 10, 250.00, 1, 1),
(255, '2011-09-12', 61, 2, 10, 250.00, 1, 1),
(256, '2011-09-12', 61, 3, 10, 250.00, 1, 1),
(257, '2011-09-12', 61, 4, 127, 1.00, 1, 1),
(258, '2011-09-14', 5, 1, 15, 35.00, 2, 1),
(259, '2011-09-14', 5, 2, 15, 35.00, 2, 1),
(260, '2011-09-14', 5, 3, 15, 35.00, 2, 1),
(261, '2011-09-14', 5, 4, 127, 1.00, 2, 1),
(262, '2011-09-14', 6, 1, 15, 290.00, 2, 1),
(263, '2011-09-14', 6, 2, 15, 290.00, 2, 1),
(264, '2011-09-14', 6, 3, 15, 290.00, 2, 1),
(265, '2011-09-14', 6, 4, 127, 1.00, 2, 1),
(266, '2011-09-21', 22, 1, 10, 28.00, 3, 1),
(267, '2011-09-21', 22, 2, 10, 28.00, 3, 1),
(268, '2011-09-21', 22, 3, 10, 28.00, 3, 1),
(269, '2011-09-21', 22, 4, 127, 1.00, 3, 1),
(270, '2011-09-21', 25, 1, 10, 80.00, 3, 1),
(271, '2011-09-21', 25, 2, 10, 80.00, 3, 1),
(272, '2011-09-21', 25, 3, 10, 80.00, 3, 1),
(273, '2011-09-21', 25, 4, 127, 1.00, 3, 1),
(274, '2011-09-21', 44, 1, 10, 28.00, 3, 1),
(275, '2011-09-21', 44, 2, 10, 28.00, 3, 1),
(276, '2011-09-21', 44, 3, 10, 28.00, 3, 1),
(277, '2011-09-21', 44, 4, 127, 1.00, 3, 1),
(278, '2011-10-08', 9, 1, 10, 120.00, 1, 1),
(279, '2011-10-08', 9, 2, 10, 120.00, 1, 1),
(280, '2011-10-08', 9, 3, 10, 120.00, 1, 1),
(281, '2011-10-08', 9, 4, 127, 1.00, 1, 1),
(282, '2011-10-08', 11, 1, 10, 15.00, 1, 1),
(283, '2011-10-08', 11, 2, 10, 15.00, 1, 1),
(284, '2011-10-08', 11, 3, 10, 15.00, 1, 1),
(285, '2011-10-08', 11, 4, 127, 1.00, 1, 1),
(286, '2011-10-08', 40, 1, 10, 100.00, 1, 1),
(287, '2011-10-08', 40, 2, 10, 100.00, 1, 1),
(288, '2011-10-08', 40, 3, 10, 100.00, 1, 1),
(289, '2011-10-08', 40, 4, 127, 1.00, 1, 1),
(290, '2011-10-08', 61, 1, 10, 270.00, 1, 1),
(291, '2011-10-08', 61, 2, 10, 270.00, 1, 1),
(292, '2011-10-08', 61, 3, 10, 270.00, 1, 1),
(293, '2011-10-08', 61, 4, 127, 1.00, 1, 1),
(294, '2011-10-09', 5, 1, 15, 80.00, 2, 1),
(295, '2011-10-09', 5, 2, 15, 80.00, 2, 1),
(296, '2011-10-09', 5, 3, 15, 80.00, 2, 1),
(297, '2011-10-09', 5, 4, 127, 1.00, 2, 1),
(298, '2011-10-09', 6, 1, 15, 250.00, 2, 1),
(299, '2011-10-09', 6, 2, 15, 250.00, 2, 1),
(300, '2011-10-09', 6, 3, 15, 250.00, 2, 1),
(301, '2011-10-09', 6, 4, 127, 1.00, 2, 1),
(302, '2011-10-09', 7, 1, 15, 50.00, 2, 1),
(303, '2011-10-09', 7, 2, 15, 40.00, 2, 1),
(304, '2011-10-09', 7, 3, 15, 40.00, 2, 1),
(305, '2011-10-09', 7, 4, 127, 1.00, 2, 1),
(306, '2011-10-09', 21, 1, 15, 180.00, 2, 1),
(307, '2011-10-09', 21, 2, 15, 180.00, 2, 1),
(308, '2011-10-09', 21, 3, 127, 1.00, 2, 1),
(309, '2011-10-12', 22, 1, 10, 50.00, 3, 1),
(310, '2011-10-12', 22, 2, 10, 50.00, 3, 1),
(311, '2011-10-12', 22, 3, 10, 50.00, 3, 1),
(312, '2011-10-12', 22, 4, 127, 1.00, 3, 1),
(313, '2011-10-12', 25, 1, 10, 90.00, 3, 1),
(314, '2011-10-12', 25, 2, 10, 90.00, 3, 1),
(315, '2011-10-12', 25, 3, 10, 90.00, 3, 1),
(316, '2011-10-12', 25, 4, 127, 1.00, 3, 1),
(317, '2011-10-12', 44, 1, 10, 28.00, 3, 1),
(318, '2011-10-12', 44, 2, 10, 28.00, 3, 1),
(319, '2011-10-12', 44, 3, 10, 28.00, 3, 1),
(320, '2011-10-12', 44, 4, 127, 1.00, 3, 1),
(321, '2011-10-12', 61, 1, 10, 210.00, 3, 1),
(322, '2011-10-12', 61, 2, 10, 270.00, 3, 1),
(323, '2011-10-12', 61, 3, 10, 270.00, 3, 1),
(324, '2011-10-12', 61, 4, 127, 1.00, 3, 1),
(325, '2011-10-13', 18, 1, 10, 15.00, 4, 1),
(326, '2011-10-13', 18, 2, 10, 15.00, 4, 1),
(327, '2011-10-13', 18, 3, 10, 15.00, 4, 1),
(328, '2011-10-13', 18, 4, 127, 1.00, 4, 1),
(329, '2011-10-13', 26, 1, 10, 90.00, 4, 1),
(330, '2011-10-13', 26, 2, 10, 90.00, 4, 1),
(331, '2011-10-13', 26, 3, 10, 90.00, 4, 1),
(332, '2011-10-13', 26, 4, 127, 1.00, 4, 1),
(333, '2011-10-13', 71, 1, 10, 80.00, 4, 1),
(334, '2011-10-13', 71, 2, 10, 80.00, 4, 1),
(335, '2011-10-13', 71, 3, 10, 80.00, 4, 1),
(336, '2011-10-13', 71, 4, 127, 1.00, 4, 1),
(337, '2011-10-13', 72, 1, 10, 15.00, 4, 1),
(338, '2011-10-13', 72, 2, 10, 15.00, 4, 1),
(339, '2011-10-13', 72, 3, 10, 15.00, 4, 1),
(340, '2011-10-13', 72, 4, 127, 1.00, 4, 1),
(341, '2011-10-15', 5, 1, 10, 100.00, 1, 1),
(342, '2011-10-15', 5, 2, 10, 100.00, 1, 1),
(343, '2011-10-15', 5, 3, 10, 100.00, 1, 1),
(344, '2011-10-15', 5, 4, 127, 1.00, 1, 1),
(345, '2011-10-15', 6, 1, 10, 350.00, 1, 1),
(346, '2011-10-15', 6, 2, 10, 350.00, 1, 1),
(347, '2011-10-15', 6, 3, 10, 350.00, 1, 1),
(348, '2011-10-15', 6, 4, 127, 1.00, 1, 1),
(349, '2011-10-15', 7, 1, 10, 50.00, 1, 1),
(350, '2011-10-15', 7, 2, 10, 50.00, 1, 1),
(351, '2011-10-15', 7, 3, 10, 50.00, 1, 1),
(352, '2011-10-15', 7, 4, 127, 1.00, 1, 1),
(353, '2011-10-15', 21, 1, 10, 60.00, 1, 1),
(354, '2011-10-15', 21, 2, 127, 1.00, 1, 1),
(355, '2011-10-15', 61, 1, 10, 20.00, 1, 1),
(356, '2011-10-15', 61, 2, 10, 20.00, 1, 1),
(357, '2011-10-15', 61, 3, 10, 20.00, 1, 1),
(358, '2011-10-15', 61, 4, 127, 1.00, 1, 1),
(359, '2011-10-15', 62, 1, 10, 20.00, 1, 1),
(360, '2011-10-15', 62, 2, 10, 20.00, 1, 1),
(361, '2011-10-15', 62, 3, 10, 20.00, 1, 1),
(362, '2011-10-15', 62, 4, 127, 1.00, 1, 1),
(363, '2011-10-15', 63, 1, 10, 20.00, 1, 1),
(364, '2011-10-15', 63, 2, 127, 1.00, 1, 1),
(365, '2011-10-15', 64, 1, 10, 30.00, 1, 1),
(366, '2011-10-15', 64, 2, 10, 20.00, 1, 1),
(367, '2011-10-15', 64, 3, 10, 20.00, 1, 1),
(368, '2011-10-15', 64, 4, 127, 1.00, 1, 1),
(369, '2011-10-22', 9, 1, 10, 120.00, 1, 1),
(370, '2011-10-22', 9, 2, 10, 120.00, 1, 1),
(371, '2011-10-22', 9, 3, 10, 120.00, 1, 1),
(372, '2011-10-22', 9, 4, 127, 1.00, 1, 1),
(373, '2011-10-22', 11, 1, 10, 20.00, 1, 1),
(374, '2011-10-22', 11, 2, 6, 20.00, 1, 1),
(375, '2011-10-22', 11, 3, 6, 20.00, 1, 1),
(376, '2011-10-22', 11, 4, 127, 1.00, 1, 1),
(377, '2011-10-22', 40, 1, 10, 100.00, 1, 1),
(378, '2011-10-22', 40, 2, 10, 100.00, 1, 1),
(379, '2011-10-22', 40, 3, 10, 100.00, 1, 1),
(380, '2011-10-22', 40, 4, 127, 1.00, 1, 1),
(381, '2011-10-23', 5, 1, 15, 100.00, 2, 1),
(382, '2011-10-23', 5, 2, 15, 100.00, 2, 1),
(383, '2011-10-23', 5, 3, 15, 100.00, 2, 1),
(384, '2011-10-23', 5, 4, 127, 1.00, 2, 1),
(385, '2011-10-23', 6, 1, 15, 270.00, 2, 1),
(386, '2011-10-23', 6, 2, 15, 270.00, 2, 1),
(387, '2011-10-23', 6, 3, 15, 270.00, 2, 1),
(388, '2011-10-23', 6, 4, 127, 1.00, 2, 1),
(389, '2011-10-23', 7, 1, 15, 155.00, 2, 1),
(390, '2011-10-23', 7, 2, 15, 175.00, 2, 1),
(391, '2011-10-23', 7, 3, 15, 175.00, 2, 1),
(392, '2011-10-23', 7, 4, 127, 1.00, 2, 1),
(393, '2011-11-15', 9, 1, 10, 120.00, 1, 1),
(394, '2011-11-15', 9, 2, 10, 120.00, 1, 1),
(395, '2011-11-15', 9, 3, 5, 120.00, 1, 1),
(396, '2011-11-15', 9, 4, 127, 1.00, 1, 1),
(397, '2011-11-15', 11, 1, 10, 20.00, 1, 1),
(398, '2011-11-15', 11, 2, 10, 20.00, 1, 1),
(399, '2011-11-15', 11, 3, 5, 20.00, 1, 1),
(400, '2011-11-15', 11, 4, 127, 1.00, 1, 1),
(401, '2011-11-15', 40, 1, 10, 100.00, 1, 1),
(402, '2011-11-15', 40, 2, 10, 100.00, 1, 1),
(403, '2011-11-15', 40, 3, 10, 100.00, 1, 1),
(404, '2011-11-15', 40, 4, 127, 1.00, 1, 1),
(405, '2011-12-14', 5, 1, 15, 100.00, 2, 1),
(406, '2011-12-14', 5, 2, 15, 100.00, 2, 1),
(407, '2011-12-14', 5, 3, 15, 100.00, 2, 1),
(408, '2011-12-14', 5, 4, 127, 1.00, 2, 1),
(409, '2011-12-14', 6, 1, 15, 270.00, 2, 1),
(410, '2011-12-14', 6, 2, 15, 270.00, 2, 1),
(411, '2011-12-14', 6, 3, 15, 270.00, 2, 1),
(412, '2011-12-14', 6, 4, 127, 1.00, 2, 1),
(413, '2011-12-14', 7, 1, 15, 175.00, 2, 1),
(414, '2011-12-14', 7, 2, 15, 175.00, 2, 1),
(415, '2011-12-14', 7, 3, 15, 185.00, 2, 1),
(416, '2011-12-14', 7, 4, 127, 1.00, 2, 1),
(417, '2011-12-14', 21, 1, 15, 250.00, 2, 1),
(418, '2011-12-14', 21, 2, 15, 250.00, 2, 1),
(419, '2011-12-14', 21, 3, 15, 250.00, 2, 1),
(420, '2011-12-14', 21, 4, 127, 1.00, 2, 1),
(421, '2012-01-03', 9, 1, 12, 120.00, 1, 1),
(422, '2012-01-03', 9, 2, 10, 120.00, 1, 1),
(423, '2012-01-03', 9, 3, 10, 120.00, 1, 1),
(424, '2012-01-03', 9, 4, 127, 1.00, 1, 1),
(425, '2012-01-03', 11, 1, 10, 20.00, 1, 1),
(426, '2012-01-03', 11, 2, 127, 1.00, 1, 1),
(427, '2012-01-04', 40, 1, 10, 115.00, 1, 1),
(428, '2012-01-04', 40, 2, 10, 115.00, 1, 1),
(429, '2012-01-04', 40, 3, 10, 115.00, 1, 1),
(430, '2012-01-04', 40, 4, 127, 1.00, 1, 1),
(431, '2012-01-04', 43, 1, 10, 20.00, 1, 1),
(432, '2012-01-04', 43, 2, 10, 20.00, 1, 1),
(433, '2012-01-04', 43, 3, 127, 1.00, 1, 1),
(434, '2012-01-21', 9, 1, 10, 150.00, 1, 1),
(435, '2012-01-21', 9, 2, 10, 150.00, 1, 1),
(436, '2012-01-21', 9, 3, 10, 150.00, 1, 1),
(437, '2012-01-21', 9, 4, 127, 1.00, 1, 1),
(438, '2012-01-21', 11, 1, 10, 25.00, 1, 1),
(439, '2012-01-21', 11, 2, 10, 25.00, 1, 1),
(440, '2012-01-21', 11, 3, 10, 25.00, 1, 1),
(441, '2012-01-21', 11, 4, 127, 1.00, 1, 1),
(442, '2012-01-21', 40, 1, 10, 120.00, 1, 1),
(443, '2012-01-21', 40, 2, 10, 120.00, 1, 1),
(444, '2012-01-21', 40, 3, 10, 120.00, 1, 1),
(445, '2012-01-21', 40, 4, 127, 0.00, 1, 1),
(446, '2012-01-21', 69, 1, 10, 85.00, 1, 1),
(447, '2012-01-21', 69, 2, 10, 85.00, 1, 1),
(448, '2012-01-21', 69, 3, 10, 85.00, 1, 1),
(449, '2012-01-21', 69, 4, 127, 1.00, 1, 1),
(515, '2013-06-19', 89, 3, 12, 180.00, 2, 1),
(514, '2013-06-19', 89, 2, 12, 180.00, 2, 1),
(513, '2013-06-19', 89, 1, 14, 180.00, 2, 1),
(512, '2013-06-19', 88, 5, 127, 2.00, 2, 1),
(511, '2013-06-19', 88, 4, 4, 270.00, 2, 1),
(510, '2013-06-19', 88, 3, 4, 270.00, 2, 1),
(509, '2013-06-19', 88, 2, 4, 270.00, 2, 1),
(508, '2013-06-19', 88, 1, 5, 180.00, 2, 1),
(507, '2013-06-17', 100, 2, 127, 1.00, 1, 1),
(506, '2013-06-17', 100, 1, 40, 40.00, 1, 1),
(505, '2013-06-17', 99, 4, 127, 1.00, 1, 1),
(504, '2013-06-17', 99, 3, 6, 40.00, 1, 1),
(503, '2013-06-17', 99, 2, 6, 40.00, 1, 1),
(502, '2013-06-17', 99, 1, 8, 40.00, 1, 1),
(501, '2013-06-17', 98, 5, 127, 1.00, 1, 1),
(500, '2013-06-17', 98, 4, 4, 35.00, 1, 1),
(499, '2013-06-17', 98, 3, 3, 35.00, 1, 1),
(498, '2013-06-17', 98, 2, 3, 30.00, 1, 1),
(497, '2013-06-17', 98, 1, 3, 22.50, 1, 1),
(496, '2013-06-17', 77, 2, 127, 1.00, 1, 1),
(495, '2013-06-17', 77, 1, 40, 20.00, 1, 1),
(494, '2013-06-17', 76, 4, 127, 1.00, 1, 1),
(493, '2013-06-17', 76, 3, 10, 40.00, 1, 1),
(492, '2013-06-17', 76, 2, 10, 40.00, 1, 1),
(491, '2013-06-17', 76, 1, 10, 40.00, 1, 1),
(490, '2013-06-17', 75, 4, 127, 1.00, 1, 1),
(489, '2013-06-17', 75, 3, 8, 60.00, 1, 1),
(488, '2013-06-17', 75, 2, 10, 60.00, 1, 1),
(487, '2013-06-17', 75, 1, 12, 50.00, 1, 1),
(486, '2013-06-17', 74, 4, 127, 1.00, 1, 1),
(485, '2013-06-17', 74, 3, 3, 110.00, 1, 1),
(484, '2013-06-17', 74, 2, 3, 120.00, 1, 1),
(483, '2013-06-17', 74, 1, 3, 110.00, 1, 1),
(516, '2013-06-19', 89, 4, 127, 1.00, 2, 1),
(517, '2013-06-19', 90, 1, 10, 70.00, 2, 1),
(518, '2013-06-19', 90, 2, 9, 70.00, 2, 1),
(519, '2013-06-19', 90, 3, 8, 70.00, 2, 1),
(520, '2013-06-19', 90, 4, 127, 1.00, 2, 1),
(521, '2013-06-19', 91, 1, 40, 90.00, 2, 1),
(522, '2013-06-19', 91, 2, 127, 1.00, 2, 1),
(523, '2013-06-19', 101, 1, 5, 135.00, 2, 1),
(524, '2013-06-19', 101, 2, 3, 185.00, 2, 1),
(525, '2013-06-19', 101, 3, 3, 185.00, 2, 1),
(526, '2013-06-19', 101, 4, 3, 185.00, 2, 1),
(527, '2013-06-19', 101, 5, 127, 1.00, 2, 1),
(528, '2013-06-19', 102, 1, 12, 95.00, 2, 1),
(529, '2013-06-19', 102, 2, 10, 95.00, 2, 1),
(530, '2013-06-19', 102, 3, 10, 95.00, 2, 1),
(531, '2013-06-19', 102, 4, 127, 1.00, 2, 1),
(532, '2013-06-19', 103, 1, 40, 65.00, 2, 1),
(533, '2013-06-19', 103, 2, 127, 1.00, 2, 1),
(534, '2013-06-24', 74, 1, 4, 110.00, 1, 1),
(535, '2013-06-24', 74, 2, 3, 110.00, 1, 1),
(536, '2013-06-24', 74, 3, 4, 110.00, 1, 1),
(537, '2013-06-24', 74, 4, 5, 110.00, 1, 1),
(538, '2013-06-24', 74, 5, 127, 1.00, 1, 1),
(539, '2013-06-24', 75, 1, 12, 65.00, 1, 1),
(540, '2013-06-24', 75, 2, 12, 65.00, 1, 1),
(541, '2013-06-24', 75, 3, 10, 65.00, 1, 1),
(542, '2013-06-24', 75, 4, 127, 1.00, 1, 1),
(543, '2013-06-24', 76, 1, 10, 40.00, 1, 1),
(544, '2013-06-24', 76, 2, 10, 40.00, 1, 1),
(545, '2013-06-24', 76, 3, 10, 40.00, 1, 1),
(546, '2013-06-24', 76, 4, 127, 1.00, 1, 1),
(547, '2013-06-24', 77, 1, 40, 20.00, 1, 1),
(548, '2013-06-24', 77, 2, 127, 1.00, 1, 1),
(549, '2013-06-24', 98, 1, 5, 70.00, 1, 1),
(550, '2013-06-24', 98, 2, 4, 70.00, 1, 1),
(551, '2013-06-24', 98, 3, 3, 70.00, 1, 1),
(552, '2013-06-24', 98, 4, 3, 70.00, 1, 1),
(553, '2013-06-24', 98, 5, 127, 1.00, 1, 1),
(554, '2013-06-24', 99, 1, 5, 55.00, 1, 1),
(555, '2013-06-24', 99, 2, 7, 45.00, 1, 1),
(556, '2013-06-24', 99, 3, 4, 45.00, 1, 1),
(557, '2013-06-24', 99, 4, 127, 1.00, 1, 1),
(558, '2013-06-24', 100, 1, 25, 40.00, 1, 1),
(559, '2013-06-24', 100, 2, 127, 1.00, 1, 1),
(560, '2013-06-25', 88, 1, 4, 270.00, 2, 1),
(561, '2013-06-25', 88, 2, 4, 270.00, 2, 1),
(562, '2013-06-25', 88, 3, 4, 270.00, 2, 1),
(563, '2013-06-25', 88, 4, 4, 270.00, 2, 1),
(564, '2013-06-25', 88, 5, 127, 1.00, 2, 1),
(565, '2013-06-25', 89, 1, 12, 180.00, 2, 1),
(566, '2013-06-25', 89, 2, 12, 180.00, 2, 1),
(567, '2013-06-25', 89, 3, 12, 180.00, 2, 1),
(568, '2013-06-25', 89, 4, 127, 1.00, 2, 1),
(569, '2013-06-25', 90, 1, 12, 60.00, 2, 1),
(570, '2013-06-25', 90, 2, 12, 60.00, 2, 1),
(571, '2013-06-25', 90, 3, 11, 60.00, 2, 1),
(572, '2013-06-25', 90, 4, 127, 1.00, 2, 1),
(573, '2013-06-25', 91, 1, 40, 90.00, 2, 1),
(574, '2013-06-25', 91, 2, 127, 1.00, 2, 1),
(575, '2013-06-25', 101, 1, 4, 185.00, 2, 1),
(576, '2013-06-25', 101, 2, 4, 185.00, 2, 1),
(577, '2013-06-25', 101, 3, 3, 185.00, 2, 1),
(578, '2013-06-25', 101, 4, 3, 185.00, 2, 1),
(579, '2013-06-25', 101, 5, 127, 1.00, 2, 1),
(580, '2013-06-25', 102, 1, 12, 95.00, 2, 1),
(581, '2013-06-25', 102, 2, 10, 95.00, 2, 1),
(582, '2013-06-25', 102, 3, 10, 95.00, 2, 1),
(583, '2013-06-25', 102, 4, 127, 1.00, 2, 1),
(584, '2013-06-25', 103, 1, 40, 65.00, 2, 1),
(585, '2013-06-25', 103, 2, 127, 1.00, 2, 1),
(586, '2013-06-28', 78, 1, 5, 115.00, 3, 1),
(587, '2013-06-28', 78, 2, 4, 125.00, 3, 1),
(588, '2013-06-28', 78, 3, 3, 125.00, 3, 1),
(589, '2013-06-28', 78, 4, 3, 125.00, 3, 1),
(590, '2013-06-28', 78, 5, 127, 1.00, 3, 1),
(591, '2013-06-28', 79, 1, 10, 30.00, 3, 1),
(592, '2013-06-28', 79, 2, 10, 30.00, 3, 1),
(593, '2013-06-28', 79, 3, 10, 30.00, 3, 1),
(594, '2013-06-28', 79, 4, 127, 1.00, 3, 1),
(595, '2013-06-28', 80, 1, 40, 27.50, 3, 1),
(596, '2013-06-28', 80, 2, 127, 1.00, 3, 1),
(597, '2013-06-28', 94, 1, 5, 60.00, 3, 1),
(598, '2013-06-28', 94, 2, 5, 70.00, 3, 1),
(599, '2013-06-28', 94, 3, 5, 70.00, 3, 1),
(600, '2013-06-28', 94, 4, 4, 70.00, 3, 1),
(601, '2013-06-28', 94, 5, 127, 1.00, 3, 1),
(602, '2013-06-28', 95, 1, 8, 40.00, 3, 1),
(603, '2013-06-28', 95, 2, 5, 30.00, 3, 1),
(604, '2013-06-28', 95, 3, 10, 30.00, 3, 1),
(605, '2013-06-28', 95, 4, 127, 1.00, 3, 1),
(606, '2013-06-28', 96, 1, 10, 20.00, 3, 1),
(607, '2013-06-28', 96, 2, 8, 20.00, 3, 1),
(608, '2013-06-28', 96, 3, 8, 20.00, 3, 1),
(609, '2013-06-28', 96, 4, 127, 1.00, 3, 1),
(610, '2013-06-28', 97, 1, 15, 20.00, 3, 1),
(611, '2013-06-28', 97, 2, 127, 1.00, 3, 1),
(612, '2013-06-28', 104, 1, 10, 20.00, 3, 1),
(613, '2013-06-28', 104, 2, 10, 20.00, 3, 1),
(614, '2013-06-28', 104, 3, 10, 20.00, 3, 1),
(615, '2013-06-28', 104, 4, 127, 1.00, 3, 1),
(616, '2013-07-05', 83, 1, 10, 100.00, 4, 1),
(617, '2013-07-05', 83, 2, 10, 100.00, 4, 1),
(618, '2013-07-05', 83, 3, 8, 100.00, 4, 1),
(619, '2013-07-05', 83, 4, 127, 1.00, 4, 1),
(620, '2013-07-05', 84, 1, 40, 70.00, 4, 1),
(621, '2013-07-05', 84, 2, 127, 1.00, 4, 1),
(622, '2013-07-05', 92, 1, 12, 90.00, 4, 1),
(623, '2013-07-05', 92, 2, 12, 90.00, 4, 1),
(624, '2013-07-05', 92, 3, 12, 90.00, 4, 1),
(625, '2013-07-05', 92, 4, 127, 0.00, 4, 1),
(626, '2013-07-05', 93, 1, 40, 90.00, 4, 1),
(627, '2013-07-05', 93, 2, 127, 1.00, 4, 1),
(628, '2013-07-05', 105, 1, 3, 115.00, 4, 1),
(629, '2013-07-05', 105, 2, 5, 155.00, 4, 1),
(630, '2013-07-05', 105, 3, 3, 175.00, 4, 1),
(631, '2013-07-05', 105, 4, 3, 175.00, 4, 1),
(632, '2013-07-05', 105, 5, 127, 1.00, 4, 1),
(633, '2013-07-05', 107, 1, 12, 60.00, 4, 1),
(634, '2013-07-05', 107, 2, 12, 60.00, 4, 1),
(635, '2013-07-05', 107, 3, 12, 60.00, 4, 1),
(636, '2013-07-05', 107, 4, 127, 1.00, 4, 1),
(637, '2013-07-12', 83, 1, 12, 100.00, 4, 1),
(638, '2013-07-12', 83, 2, 10, 100.00, 4, 1),
(639, '2013-07-12', 83, 3, 8, 100.00, 4, 1),
(640, '2013-07-12', 83, 4, 127, 1.00, 4, 1),
(641, '2013-07-12', 84, 1, 40, 70.00, 4, 1),
(642, '2013-07-12', 84, 2, 127, 1.00, 4, 1),
(643, '2013-07-12', 92, 1, 12, 140.00, 4, 1),
(644, '2013-07-12', 92, 2, 12, 140.00, 4, 1),
(645, '2013-07-12', 92, 3, 12, 140.00, 4, 1),
(646, '2013-07-12', 92, 4, 127, 0.00, 4, 1),
(647, '2013-07-12', 93, 1, 40, 50.00, 4, 1),
(648, '2013-07-12', 93, 2, 127, 0.00, 4, 1),
(649, '2013-07-12', 105, 1, 5, 175.00, 4, 1),
(650, '2013-07-12', 105, 2, 5, 175.00, 4, 1),
(651, '2013-07-12', 105, 3, 5, 175.00, 4, 1),
(652, '2013-07-12', 105, 4, 5, 175.00, 4, 1),
(653, '2013-07-12', 105, 5, 127, 1.00, 4, 1),
(654, '2013-07-12', 107, 1, 12, 60.00, 4, 1),
(655, '2013-07-12', 107, 2, 10, 70.00, 4, 1),
(656, '2013-07-12', 107, 3, 10, 70.00, 4, 1),
(657, '2013-07-12', 107, 4, 127, 1.00, 4, 1),
(658, '2013-07-15', 74, 1, 5, 115.00, 1, 1),
(659, '2013-07-15', 74, 2, 5, 125.00, 1, 1),
(660, '2013-07-15', 74, 3, 4, 125.00, 1, 1),
(661, '2013-07-15', 74, 4, 4, 125.00, 1, 1),
(662, '2013-07-15', 74, 5, 127, 1.00, 1, 1),
(663, '2013-07-15', 75, 1, 12, 85.00, 1, 1),
(664, '2013-07-15', 75, 2, 8, 85.00, 1, 1),
(665, '2013-07-15', 75, 3, 6, 85.00, 1, 1),
(666, '2013-07-15', 75, 4, 127, 1.00, 1, 1),
(667, '2013-07-15', 76, 1, 12, 40.00, 1, 1),
(668, '2013-07-15', 76, 2, 12, 40.00, 1, 1),
(669, '2013-07-15', 76, 3, 10, 40.00, 1, 1),
(670, '2013-07-15', 76, 4, 127, 1.00, 1, 1),
(671, '2013-07-15', 77, 1, 40, 20.00, 1, 1),
(672, '2013-07-15', 77, 2, 127, 1.00, 1, 1),
(673, '2013-07-15', 98, 1, 5, 70.00, 1, 1),
(674, '2013-07-15', 98, 2, 5, 70.00, 1, 1),
(675, '2013-07-15', 98, 3, 4, 70.00, 1, 1),
(676, '2013-07-15', 98, 4, 4, 70.00, 1, 1),
(677, '2013-07-15', 98, 5, 127, 1.00, 1, 1),
(678, '2013-07-15', 99, 1, 7, 45.00, 1, 1),
(679, '2013-07-15', 99, 2, 7, 45.00, 1, 1),
(680, '2013-07-15', 99, 3, 5, 45.00, 1, 1),
(681, '2013-07-15', 99, 4, 127, 1.00, 1, 1),
(682, '2013-07-15', 100, 1, 40, 40.00, 1, 1),
(683, '2013-07-15', 100, 2, 127, 1.00, 1, 1),
(684, '2013-07-16', 88, 1, 5, 270.00, 2, 1),
(685, '2013-07-16', 88, 2, 5, 270.00, 2, 1),
(686, '2013-07-16', 88, 3, 5, 270.00, 2, 1),
(687, '2013-07-16', 88, 4, 5, 270.00, 2, 1),
(688, '2013-07-16', 88, 5, 127, 1.00, 2, 1),
(689, '2013-07-16', 89, 1, 12, 200.00, 2, 1),
(690, '2013-07-16', 89, 2, 12, 200.00, 2, 1),
(691, '2013-07-16', 89, 3, 12, 200.00, 2, 1),
(692, '2013-07-16', 89, 4, 127, 1.00, 2, 1),
(693, '2013-07-16', 90, 1, 12, 60.00, 2, 1),
(694, '2013-07-16', 90, 2, 12, 60.00, 2, 1),
(695, '2013-07-16', 90, 3, 12, 60.00, 2, 1),
(696, '2013-07-16', 90, 4, 127, 1.00, 2, 1),
(697, '2013-07-16', 91, 1, 40, 90.00, 2, 1),
(698, '2013-07-16', 91, 2, 127, 1.00, 2, 1),
(699, '2013-07-16', 101, 1, 5, 185.00, 2, 1),
(700, '2013-07-16', 101, 2, 5, 185.00, 2, 1),
(701, '2013-07-16', 101, 3, 5, 185.00, 2, 1),
(702, '2013-07-16', 101, 4, 5, 185.00, 2, 1),
(703, '2013-07-16', 101, 5, 127, 1.00, 2, 1),
(704, '2013-07-16', 102, 1, 12, 95.00, 2, 1),
(705, '2013-07-16', 102, 2, 12, 95.00, 2, 1),
(706, '2013-07-16', 102, 3, 10, 95.00, 2, 1),
(707, '2013-07-16', 102, 4, 127, 1.00, 2, 1),
(708, '2013-07-16', 103, 1, 40, 65.00, 2, 1),
(709, '2013-07-16', 103, 2, 127, 1.00, 2, 1),
(710, '2013-07-18', 78, 1, 5, 125.00, 3, 1),
(711, '2013-07-18', 78, 2, 5, 125.00, 3, 1),
(712, '2013-07-18', 78, 3, 5, 125.00, 3, 1),
(713, '2013-07-18', 78, 4, 5, 125.00, 3, 1),
(714, '2013-07-18', 78, 5, 127, 1.00, 3, 1),
(715, '2013-07-18', 79, 1, 10, 30.00, 3, 1),
(716, '2013-07-18', 79, 2, 10, 30.00, 3, 1),
(717, '2013-07-18', 79, 3, 8, 30.00, 3, 1),
(718, '2013-07-18', 79, 4, 127, 1.00, 3, 1),
(719, '2013-07-18', 80, 1, 40, 27.50, 3, 1),
(720, '2013-07-18', 80, 2, 127, 1.00, 3, 1),
(721, '2013-07-18', 94, 1, 5, 70.00, 3, 1),
(722, '2013-07-18', 94, 2, 5, 70.00, 3, 1),
(723, '2013-07-18', 94, 3, 5, 70.00, 3, 1),
(724, '2013-07-18', 94, 4, 5, 70.00, 3, 1),
(725, '2013-07-18', 94, 5, 127, 1.00, 3, 1),
(726, '2013-07-18', 95, 1, 12, 30.00, 3, 1),
(727, '2013-07-18', 95, 2, 10, 30.00, 3, 1),
(728, '2013-07-18', 95, 3, 10, 30.00, 3, 1),
(729, '2013-07-18', 95, 4, 127, 1.00, 3, 1),
(730, '2013-07-18', 96, 1, 6, 20.00, 3, 1),
(731, '2013-07-18', 96, 2, 10, 20.00, 3, 1),
(732, '2013-07-18', 96, 3, 8, 20.00, 3, 1),
(733, '2013-07-18', 96, 4, 127, 1.00, 3, 1),
(734, '2013-07-18', 97, 1, 40, 15.00, 3, 1),
(735, '2013-07-18', 97, 2, 127, 1.00, 3, 1),
(736, '2013-07-22', 74, 1, 5, 125.00, 1, 1),
(737, '2013-07-22', 74, 2, 5, 135.00, 1, 1),
(738, '2013-07-22', 74, 3, 4, 135.00, 1, 1),
(739, '2013-07-22', 74, 4, 3, 135.00, 1, 1),
(740, '2013-07-22', 74, 5, 127, 1.00, 1, 1),
(741, '2013-07-22', 75, 1, 12, 85.00, 1, 1),
(742, '2013-07-22', 75, 2, 8, 85.00, 1, 1),
(743, '2013-07-22', 75, 3, 7, 85.00, 1, 1),
(744, '2013-07-22', 75, 4, 127, 1.00, 1, 1),
(745, '2013-07-22', 76, 1, 12, 40.00, 1, 1),
(746, '2013-07-22', 76, 2, 12, 40.00, 1, 1),
(747, '2013-07-22', 76, 3, 12, 40.00, 1, 1),
(748, '2013-07-22', 76, 4, 127, 1.00, 1, 1),
(749, '2013-07-22', 77, 1, 40, 20.00, 1, 1),
(750, '2013-07-22', 77, 2, 127, 1.00, 1, 1),
(751, '2013-07-22', 98, 1, 5, 70.00, 1, 1),
(752, '2013-07-22', 98, 2, 5, 70.00, 1, 1),
(753, '2013-07-22', 98, 3, 5, 70.00, 1, 1),
(754, '2013-07-22', 98, 4, 4, 70.00, 1, 1),
(755, '2013-07-22', 98, 5, 127, 1.00, 1, 1),
(756, '2013-07-22', 99, 1, 8, 40.00, 1, 1),
(757, '2013-07-22', 99, 2, 7, 40.00, 1, 1),
(758, '2013-07-22', 99, 3, 5, 40.00, 1, 1),
(759, '2013-07-22', 99, 4, 127, 1.00, 1, 1),
(760, '2013-07-22', 100, 1, 40, 40.00, 1, 1),
(761, '2013-07-22', 100, 2, 127, 1.00, 1, 1),
(762, '2013-07-23', 88, 1, 5, 340.00, 2, 1),
(763, '2013-07-23', 88, 2, 5, 340.00, 2, 1),
(764, '2013-07-23', 88, 3, 5, 340.00, 2, 1),
(765, '2013-07-23', 88, 4, 5, 340.00, 2, 1),
(766, '2013-07-23', 88, 5, 127, 1.00, 2, 1),
(767, '2013-07-23', 89, 1, 12, 230.00, 2, 1),
(768, '2013-07-23', 89, 2, 12, 230.00, 2, 1),
(769, '2013-07-23', 89, 3, 12, 230.00, 2, 1),
(770, '2013-07-23', 89, 4, 127, 1.00, 2, 1),
(771, '2013-07-23', 90, 1, 12, 60.00, 2, 1),
(772, '2013-07-23', 90, 2, 12, 60.00, 2, 1),
(773, '2013-07-23', 90, 3, 12, 60.00, 2, 1),
(774, '2013-07-23', 90, 4, 127, 1.00, 2, 1),
(775, '2013-07-23', 91, 1, 40, 90.00, 2, 1),
(776, '2013-07-23', 91, 2, 127, 1.00, 2, 1),
(777, '2013-07-23', 101, 1, 5, 195.00, 2, 1),
(778, '2013-07-23', 101, 2, 5, 195.00, 2, 1),
(779, '2013-07-23', 101, 3, 5, 195.00, 2, 1),
(780, '2013-07-23', 101, 4, 5, 195.00, 2, 1),
(781, '2013-07-23', 101, 5, 127, 1.00, 2, 1),
(782, '2013-07-23', 102, 1, 12, 95.00, 2, 1),
(783, '2013-07-23', 102, 2, 12, 95.00, 2, 1),
(784, '2013-07-23', 102, 3, 12, 95.00, 2, 1),
(785, '2013-07-23', 102, 4, 127, 1.00, 2, 1),
(786, '2013-07-23', 103, 1, 40, 65.00, 2, 1),
(787, '2013-07-23', 103, 2, 127, 1.00, 2, 1),
(788, '2013-07-25', 78, 1, 5, 135.00, 3, 1),
(789, '2013-07-25', 78, 2, 5, 135.00, 3, 1),
(790, '2013-07-25', 78, 3, 5, 135.00, 3, 1),
(791, '2013-07-25', 78, 4, 4, 135.00, 3, 1),
(792, '2013-07-25', 78, 5, 127, 1.00, 3, 1),
(793, '2013-07-25', 79, 1, 12, 30.00, 3, 1),
(794, '2013-07-25', 79, 2, 12, 30.00, 3, 1),
(795, '2013-07-25', 79, 3, 12, 30.00, 3, 1),
(796, '2013-07-25', 79, 4, 127, 1.00, 3, 1),
(797, '2013-07-25', 80, 1, 40, 27.50, 3, 1),
(798, '2013-07-25', 80, 2, 127, 1.00, 3, 1),
(799, '2013-07-25', 94, 1, 5, 80.00, 3, 1),
(800, '2013-07-25', 94, 2, 5, 80.00, 3, 1),
(801, '2013-07-25', 94, 3, 3, 80.00, 3, 1),
(802, '2013-07-25', 94, 4, 3, 80.00, 3, 1),
(803, '2013-07-25', 94, 5, 127, 1.00, 3, 1),
(804, '2013-07-25', 95, 1, 12, 30.00, 3, 1),
(805, '2013-07-25', 95, 2, 12, 30.00, 3, 1),
(806, '2013-07-25', 95, 3, 11, 30.00, 3, 1),
(807, '2013-07-25', 95, 4, 127, 1.00, 3, 1),
(808, '2013-07-25', 96, 1, 10, 20.00, 3, 1),
(809, '2013-07-25', 96, 2, 10, 20.00, 3, 1),
(810, '2013-07-25', 96, 3, 10, 20.00, 3, 1),
(811, '2013-07-25', 96, 4, 127, 1.00, 3, 1),
(812, '2013-07-25', 97, 1, 40, 15.00, 3, 1),
(813, '2013-07-25', 97, 2, 127, 1.00, 3, 1),
(814, '2013-07-29', 74, 1, 5, 135.00, 1, 1),
(815, '2013-07-29', 74, 2, 5, 135.00, 1, 1),
(816, '2013-07-29', 74, 3, 5, 135.00, 1, 1),
(817, '2013-07-29', 74, 4, 4, 135.00, 1, 1),
(818, '2013-07-29', 74, 5, 127, 1.00, 1, 1),
(819, '2013-07-29', 75, 1, 12, 85.00, 1, 1),
(820, '2013-07-29', 75, 2, 10, 85.00, 1, 1),
(821, '2013-07-29', 75, 3, 8, 85.00, 1, 1),
(822, '2013-07-29', 75, 4, 127, 1.00, 1, 1),
(823, '2013-07-29', 76, 1, 12, 45.00, 1, 1),
(824, '2013-07-29', 76, 2, 12, 45.00, 1, 1),
(825, '2013-07-29', 76, 3, 12, 45.00, 1, 1),
(826, '2013-07-29', 76, 4, 127, 1.00, 1, 1),
(827, '2013-07-29', 77, 1, 40, 20.00, 1, 1),
(828, '2013-07-29', 77, 2, 127, 1.00, 1, 1),
(829, '2013-07-29', 98, 1, 5, 70.00, 1, 1),
(830, '2013-07-29', 98, 2, 5, 70.00, 1, 1),
(831, '2013-07-29', 98, 3, 5, 70.00, 1, 1),
(832, '2013-07-29', 98, 4, 5, 70.00, 1, 1),
(833, '2013-07-29', 98, 5, 127, 1.00, 1, 1),
(834, '2013-07-29', 99, 1, 8, 40.00, 1, 1),
(835, '2013-07-29', 99, 2, 7, 40.00, 1, 1),
(836, '2013-07-29', 99, 3, 6, 40.00, 1, 1),
(837, '2013-07-29', 99, 4, 127, 1.00, 1, 1),
(838, '2013-07-30', 88, 1, 5, 270.00, 2, 1),
(839, '2013-07-30', 88, 2, 5, 360.00, 2, 1),
(840, '2013-07-30', 88, 3, 5, 360.00, 2, 1),
(841, '2013-07-30', 88, 4, 5, 360.00, 2, 1),
(842, '2013-07-30', 88, 5, 127, 1.00, 2, 1),
(843, '2013-07-30', 89, 1, 12, 270.00, 2, 1),
(844, '2013-07-30', 89, 2, 12, 270.00, 2, 1),
(845, '2013-07-30', 89, 3, 11, 270.00, 2, 1),
(846, '2013-07-30', 89, 4, 127, 1.00, 2, 1),
(847, '2013-07-30', 90, 1, 12, 60.00, 2, 1),
(848, '2013-07-30', 90, 2, 12, 60.00, 2, 1),
(849, '2013-07-30', 90, 3, 12, 60.00, 2, 1),
(850, '2013-07-30', 90, 4, 127, 1.00, 2, 1),
(851, '2013-07-30', 91, 1, 40, 90.00, 2, 1),
(852, '2013-07-30', 91, 2, 127, 1.00, 2, 1),
(853, '2013-07-30', 101, 1, 5, 205.00, 2, 1),
(854, '2013-07-30', 101, 2, 5, 205.00, 2, 1),
(855, '2013-07-30', 101, 3, 5, 205.00, 2, 1),
(856, '2013-07-30', 101, 4, 5, 205.00, 2, 1),
(857, '2013-07-30', 101, 5, 127, 1.00, 2, 1),
(858, '2013-07-30', 102, 1, 12, 100.00, 2, 1),
(859, '2013-07-30', 102, 2, 12, 100.00, 2, 1),
(860, '2013-07-30', 102, 3, 12, 100.00, 2, 1),
(861, '2013-07-30', 102, 4, 127, 1.00, 2, 1),
(862, '2013-07-30', 103, 1, 40, 65.00, 2, 1),
(863, '2013-07-30', 103, 2, 127, 1.00, 2, 1),
(864, '2013-08-01', 78, 1, 5, 135.00, 3, 1),
(865, '2013-08-01', 78, 2, 5, 135.00, 3, 1),
(866, '2013-08-01', 78, 3, 5, 135.00, 3, 1),
(867, '2013-08-01', 78, 4, 3, 135.00, 3, 1),
(868, '2013-08-01', 78, 5, 127, 1.00, 3, 1),
(869, '2013-08-01', 79, 1, 12, 40.00, 3, 1),
(870, '2013-08-01', 79, 2, 10, 40.00, 3, 1),
(871, '2013-08-01', 79, 3, 10, 40.00, 3, 1),
(872, '2013-08-01', 79, 4, 127, 1.00, 3, 1),
(873, '2013-08-01', 80, 1, 40, 27.50, 3, 1),
(874, '2013-08-01', 80, 2, 127, 1.00, 3, 1),
(875, '2013-08-01', 94, 1, 5, 80.00, 3, 1),
(876, '2013-08-01', 94, 2, 5, 80.00, 3, 1),
(877, '2013-08-01', 94, 3, 5, 80.00, 3, 1),
(878, '2013-08-01', 94, 4, 5, 80.00, 3, 1),
(879, '2013-08-01', 94, 5, 127, 1.00, 3, 1),
(880, '2013-08-02', 83, 1, 12, 100.00, 4, 1),
(881, '2013-08-02', 83, 2, 12, 100.00, 4, 1),
(882, '2013-08-02', 83, 3, 9, 100.00, 4, 1),
(883, '2013-08-02', 83, 4, 127, 1.00, 4, 1),
(884, '2013-08-02', 84, 1, 40, 70.00, 4, 1),
(885, '2013-08-02', 84, 2, 127, 0.00, 4, 1),
(886, '2013-08-02', 92, 1, 12, 180.00, 4, 1),
(887, '2013-08-02', 92, 2, 12, 180.00, 4, 1),
(888, '2013-08-02', 92, 3, 12, 180.00, 4, 1),
(889, '2013-08-02', 92, 4, 127, 1.00, 4, 1),
(890, '2013-08-02', 93, 1, 40, 90.00, 4, 1),
(891, '2013-08-02', 93, 2, 127, 1.00, 4, 1),
(892, '2013-08-02', 105, 1, 5, 185.00, 4, 1),
(893, '2013-08-02', 105, 2, 5, 185.00, 4, 1),
(894, '2013-08-02', 105, 3, 5, 185.00, 4, 1),
(895, '2013-08-02', 105, 4, 5, 185.00, 4, 1),
(896, '2013-08-02', 105, 5, 127, 1.00, 4, 1),
(897, '2013-08-02', 107, 1, 12, 70.00, 4, 1),
(898, '2013-08-02', 107, 2, 10, 70.00, 4, 1),
(899, '2013-08-02', 107, 3, 9, 70.00, 4, 1),
(900, '2013-08-02', 107, 4, 127, 1.00, 4, 1),
(901, '2013-08-05', 74, 1, 5, 135.00, 1, 1),
(902, '2013-08-05', 74, 2, 5, 135.00, 1, 1),
(903, '2013-08-05', 74, 3, 5, 135.00, 1, 1),
(904, '2013-08-05', 74, 4, 5, 135.00, 1, 1),
(905, '2013-08-05', 74, 5, 127, 1.00, 1, 1),
(906, '2013-08-05', 75, 1, 12, 85.00, 1, 1),
(907, '2013-08-05', 75, 2, 11, 85.00, 1, 1),
(908, '2013-08-05', 75, 3, 8, 85.00, 1, 1),
(909, '2013-08-05', 75, 4, 127, 1.00, 1, 1),
(910, '2013-08-05', 76, 1, 12, 45.00, 1, 1),
(911, '2013-08-05', 76, 2, 12, 45.00, 1, 1),
(912, '2013-08-05', 76, 3, 12, 45.00, 1, 1),
(913, '2013-08-05', 76, 4, 127, 1.00, 1, 1),
(914, '2013-08-05', 98, 1, 5, 80.00, 1, 1),
(915, '2013-08-05', 98, 2, 5, 80.00, 1, 1),
(916, '2013-08-05', 98, 3, 4, 80.00, 1, 1),
(917, '2013-08-05', 98, 4, 3, 80.00, 1, 1),
(918, '2013-08-05', 98, 5, 127, 1.00, 1, 1),
(919, '2013-08-05', 99, 1, 10, 40.00, 1, 1),
(920, '2013-08-05', 99, 2, 6, 40.00, 1, 1),
(921, '2013-08-05', 99, 3, 5, 40.00, 1, 1),
(922, '2013-08-05', 99, 4, 127, 1.00, 1, 1),
(923, '2013-08-05', 100, 1, 40, 40.00, 1, 1),
(924, '2013-08-05', 100, 2, 127, 1.00, 1, 1),
(925, '2013-08-06', 88, 1, 5, 360.00, 2, 1),
(926, '2013-08-06', 88, 2, 5, 360.00, 2, 1),
(927, '2013-08-06', 88, 3, 5, 360.00, 2, 1),
(928, '2013-08-06', 88, 4, 5, 360.00, 2, 1),
(929, '2013-08-06', 88, 5, 127, 1.00, 2, 1),
(930, '2013-08-06', 89, 1, 12, 270.00, 2, 1),
(931, '2013-08-06', 89, 2, 12, 270.00, 2, 1),
(932, '2013-08-06', 89, 3, 12, 270.00, 2, 1),
(933, '2013-08-06', 89, 4, 127, 1.00, 2, 1),
(934, '2013-08-06', 90, 1, 12, 70.00, 2, 1),
(935, '2013-08-06', 90, 2, 12, 70.00, 2, 1),
(936, '2013-08-06', 90, 3, 12, 70.00, 2, 1),
(937, '2013-08-06', 90, 4, 127, 1.00, 2, 1),
(938, '2013-08-06', 91, 1, 40, 90.00, 2, 1),
(939, '2013-08-06', 91, 2, 127, 1.00, 2, 1),
(940, '2013-08-06', 102, 1, 12, 100.00, 2, 1),
(941, '2013-08-06', 102, 2, 12, 100.00, 2, 1),
(942, '2013-08-06', 102, 3, 12, 100.00, 2, 1),
(943, '2013-08-06', 102, 4, 127, 1.00, 2, 1),
(944, '2013-08-06', 103, 1, 40, 65.00, 2, 1),
(945, '2013-08-06', 103, 2, 127, 1.00, 2, 1),
(946, '2013-08-08', 78, 1, 5, 135.00, 3, 1),
(947, '2013-08-08', 78, 2, 5, 135.00, 3, 1),
(948, '2013-08-08', 78, 3, 5, 135.00, 3, 1),
(949, '2013-08-08', 78, 4, 5, 135.00, 3, 1),
(950, '2013-08-08', 78, 5, 127, 1.00, 3, 1),
(951, '2013-08-08', 79, 1, 12, 40.00, 3, 1),
(952, '2013-08-08', 79, 2, 10, 40.00, 3, 1),
(953, '2013-08-08', 79, 3, 10, 40.00, 3, 1),
(954, '2013-08-08', 79, 4, 127, 1.00, 3, 1),
(955, '2013-08-08', 80, 1, 40, 32.50, 3, 1),
(956, '2013-08-08', 80, 2, 127, 1.00, 3, 1),
(957, '2013-08-08', 94, 1, 5, 80.00, 3, 1),
(958, '2013-08-08', 94, 2, 5, 80.00, 3, 1),
(959, '2013-08-08', 94, 3, 5, 80.00, 3, 1),
(960, '2013-08-08', 94, 4, 5, 80.00, 3, 1),
(961, '2013-08-08', 94, 5, 127, 1.00, 3, 1),
(962, '2013-08-09', 83, 1, 12, 100.00, 4, 1),
(963, '2013-08-09', 83, 2, 10, 100.00, 4, 1),
(964, '2013-08-09', 83, 3, 127, 1.00, 4, 1),
(965, '2013-08-09', 84, 1, 40, 60.00, 4, 1),
(966, '2013-08-09', 84, 2, 127, 1.00, 4, 1),
(967, '2013-08-09', 92, 1, 12, 180.00, 4, 1),
(968, '2013-08-09', 92, 2, 12, 180.00, 4, 1),
(969, '2013-08-09', 92, 3, 12, 180.00, 4, 1),
(970, '2013-08-09', 92, 4, 127, 1.00, 4, 1),
(971, '2013-08-09', 93, 1, 40, 90.00, 4, 1),
(972, '2013-08-09', 93, 2, 127, 1.00, 4, 1),
(973, '2013-08-09', 105, 1, 5, 185.00, 4, 1),
(974, '2013-08-09', 105, 2, 5, 185.00, 4, 1),
(975, '2013-08-09', 105, 3, 5, 185.00, 4, 1),
(976, '2013-08-09', 105, 4, 5, 185.00, 4, 1),
(977, '2013-08-09', 105, 5, 127, 1.00, 4, 1),
(978, '2013-08-09', 107, 1, 12, 70.00, 4, 1),
(979, '2013-08-09', 107, 2, 12, 70.00, 4, 1),
(980, '2013-08-09', 107, 3, 12, 70.00, 4, 1),
(981, '2013-08-09', 107, 4, 127, 1.00, 4, 1),
(982, '2013-08-12', 74, 1, 5, 145.00, 1, 1),
(983, '2013-08-12', 74, 2, 5, 145.00, 1, 1),
(984, '2013-08-12', 74, 3, 4, 145.00, 1, 1),
(985, '2013-08-12', 74, 4, 3, 145.00, 1, 1),
(986, '2013-08-12', 74, 5, 127, 1.00, 1, 1),
(987, '2013-08-12', 75, 1, 12, 85.00, 1, 1),
(988, '2013-08-12', 75, 2, 10, 85.00, 1, 1),
(989, '2013-08-12', 75, 3, 10, 85.00, 1, 1),
(990, '2013-08-12', 75, 4, 127, 1.00, 1, 1),
(991, '2013-08-12', 76, 1, 12, 50.00, 1, 1),
(992, '2013-08-12', 76, 2, 12, 50.00, 1, 1),
(993, '2013-08-12', 76, 3, 12, 50.00, 1, 1),
(994, '2013-08-12', 76, 4, 127, 1.00, 1, 1),
(995, '2013-08-12', 77, 1, 40, 20.00, 1, 1),
(996, '2013-08-12', 77, 2, 127, 0.00, 1, 1),
(997, '2013-08-12', 98, 1, 5, 80.00, 1, 1),
(998, '2013-08-12', 98, 2, 5, 80.00, 1, 1),
(999, '2013-08-12', 98, 3, 4, 80.00, 1, 1),
(1000, '2013-08-12', 98, 4, 5, 80.00, 1, 1),
(1001, '2013-08-12', 98, 5, 127, 1.00, 1, 1),
(1002, '2013-08-12', 99, 1, 12, 30.00, 1, 1),
(1003, '2013-08-12', 99, 2, 12, 30.00, 1, 1),
(1004, '2013-08-12', 99, 3, 12, 30.00, 1, 1),
(1005, '2013-08-12', 99, 4, 127, 1.00, 1, 1),
(1006, '2013-08-13', 88, 1, 5, 410.00, 2, 1),
(1007, '2013-08-13', 88, 2, 5, 410.00, 2, 1),
(1008, '2013-08-13', 88, 3, 5, 410.00, 2, 1),
(1009, '2013-08-13', 88, 4, 5, 410.00, 2, 1),
(1010, '2013-08-13', 88, 5, 127, 1.00, 2, 1),
(1011, '2013-08-13', 89, 1, 12, 320.00, 2, 1),
(1012, '2013-08-13', 89, 2, 10, 320.00, 2, 1),
(1013, '2013-08-13', 89, 3, 10, 320.00, 2, 1),
(1014, '2013-08-13', 89, 4, 127, 1.00, 2, 1),
(1015, '2013-08-13', 90, 1, 12, 70.00, 2, 1),
(1016, '2013-08-13', 90, 2, 12, 70.00, 2, 1),
(1017, '2013-08-13', 90, 3, 12, 70.00, 2, 1),
(1018, '2013-08-13', 90, 4, 127, 1.00, 2, 1),
(1019, '2013-08-13', 91, 1, 40, 90.00, 2, 1),
(1020, '2013-08-13', 91, 2, 127, 1.00, 2, 1),
(1021, '2013-08-13', 101, 1, 5, 205.00, 2, 1),
(1022, '2013-08-13', 101, 2, 5, 205.00, 2, 1),
(1023, '2013-08-13', 101, 3, 5, 205.00, 2, 1),
(1024, '2013-08-13', 101, 4, 5, 205.00, 2, 1),
(1025, '2013-08-13', 101, 5, 127, 1.00, 2, 1),
(1026, '2013-08-13', 102, 1, 12, 110.00, 2, 1),
(1027, '2013-08-13', 102, 2, 10, 110.00, 2, 1),
(1028, '2013-08-13', 102, 3, 10, 110.00, 2, 1),
(1029, '2013-08-13', 102, 4, 127, 1.00, 2, 1),
(1030, '2013-08-13', 103, 1, 40, 65.00, 2, 1),
(1031, '2013-08-13', 103, 2, 127, 1.00, 2, 1),
(1032, '2013-08-15', 78, 1, 5, 145.00, 3, 1),
(1033, '2013-08-15', 78, 2, 5, 145.00, 3, 1),
(1034, '2013-08-15', 78, 3, 5, 145.00, 3, 1),
(1035, '2013-08-15', 78, 4, 5, 145.00, 3, 1),
(1036, '2013-08-15', 78, 5, 127, 1.00, 3, 1),
(1037, '2013-08-15', 79, 1, 12, 40.00, 3, 1),
(1038, '2013-08-15', 79, 2, 12, 40.00, 3, 1),
(1039, '2013-08-15', 79, 3, 12, 40.00, 3, 1),
(1040, '2013-08-15', 79, 4, 127, 1.00, 3, 1),
(1041, '2013-08-15', 80, 1, 40, 32.50, 3, 1),
(1042, '2013-08-15', 80, 2, 127, 1.00, 3, 1),
(1043, '2013-08-15', 94, 1, 5, 90.00, 3, 1),
(1044, '2013-08-15', 94, 2, 5, 90.00, 3, 1),
(1045, '2013-08-15', 94, 3, 5, 90.00, 3, 1),
(1046, '2013-08-15', 94, 4, 3, 90.00, 3, 1),
(1047, '2013-08-15', 94, 5, 127, 1.00, 3, 1),
(1048, '2013-08-19', 74, 1, 5, 145.00, 1, 1),
(1049, '2013-08-19', 74, 2, 5, 145.00, 1, 1),
(1050, '2013-08-19', 74, 3, 5, 145.00, 1, 1),
(1051, '2013-08-19', 74, 4, 5, 145.00, 1, 1),
(1052, '2013-08-19', 74, 5, 127, 1.00, 1, 1),
(1053, '2013-08-19', 75, 1, 12, 85.00, 1, 1),
(1054, '2013-08-19', 75, 2, 12, 85.00, 1, 1),
(1055, '2013-08-19', 75, 3, 10, 85.00, 1, 1),
(1056, '2013-08-19', 75, 4, 127, 1.00, 1, 1),
(1057, '2013-08-19', 76, 1, 12, 50.00, 1, 1),
(1058, '2013-08-19', 76, 2, 12, 50.00, 1, 1),
(1059, '2013-08-19', 76, 3, 12, 50.00, 1, 1),
(1060, '2013-08-19', 76, 4, 127, 1.00, 1, 1),
(1061, '2013-08-19', 77, 1, 40, 25.00, 1, 1),
(1062, '2013-08-19', 77, 2, 127, 1.00, 1, 1),
(1063, '2013-08-19', 98, 1, 5, 80.00, 1, 1),
(1064, '2013-08-19', 98, 2, 5, 80.00, 1, 1),
(1065, '2013-08-19', 98, 3, 5, 80.00, 1, 1),
(1066, '2013-08-19', 98, 4, 4, 80.00, 1, 1),
(1067, '2013-08-19', 98, 5, 127, 1.00, 1, 1),
(1068, '2013-08-19', 99, 1, 12, 30.00, 1, 1),
(1069, '2013-08-19', 99, 2, 12, 30.00, 1, 1),
(1070, '2013-08-19', 99, 3, 8, 30.00, 1, 1),
(1071, '2013-08-19', 99, 4, 127, 1.00, 1, 1),
(1072, '2013-08-20', 88, 1, 5, 410.00, 2, 1),
(1073, '2013-08-20', 88, 2, 5, 410.00, 2, 1),
(1074, '2013-08-20', 88, 3, 5, 410.00, 2, 1),
(1075, '2013-08-20', 88, 4, 5, 410.00, 2, 1),
(1076, '2013-08-20', 88, 5, 127, 1.00, 2, 1),
(1077, '2013-08-20', 89, 1, 12, 320.00, 2, 1),
(1078, '2013-08-20', 89, 2, 12, 320.00, 2, 1),
(1079, '2013-08-20', 89, 3, 12, 320.00, 2, 1),
(1080, '2013-08-20', 89, 4, 127, 1.00, 2, 1),
(1081, '2013-08-20', 90, 1, 12, 80.00, 2, 1),
(1082, '2013-08-20', 90, 2, 12, 80.00, 2, 1),
(1083, '2013-08-20', 90, 3, 12, 80.00, 2, 1),
(1084, '2013-08-20', 90, 4, 127, 1.00, 2, 1),
(1085, '2013-08-20', 91, 1, 40, 110.00, 2, 1),
(1086, '2013-08-20', 91, 2, 127, 1.00, 2, 1),
(1087, '2013-08-20', 101, 1, 5, 215.00, 2, 1),
(1088, '2013-08-20', 101, 2, 5, 215.00, 2, 1),
(1089, '2013-08-20', 101, 3, 5, 215.00, 2, 1),
(1090, '2013-08-20', 101, 4, 5, 215.00, 2, 1),
(1091, '2013-08-20', 101, 5, 127, 1.00, 2, 1),
(1092, '2013-08-26', 74, 1, 5, 145.00, 1, 1),
(1093, '2013-08-26', 74, 2, 5, 145.00, 1, 1),
(1094, '2013-08-26', 74, 3, 5, 145.00, 1, 1),
(1095, '2013-08-26', 74, 4, 5, 145.00, 1, 1),
(1096, '2013-08-26', 74, 5, 127, 1.00, 1, 1),
(1097, '2013-08-26', 75, 1, 12, 85.00, 1, 1),
(1098, '2013-08-26', 75, 2, 12, 85.00, 1, 1),
(1099, '2013-08-26', 75, 3, 12, 85.00, 1, 1),
(1100, '2013-08-26', 75, 4, 127, 1.00, 1, 1),
(1101, '2013-08-26', 76, 1, 12, 55.00, 1, 1),
(1102, '2013-08-26', 76, 2, 12, 55.00, 1, 1),
(1103, '2013-08-26', 76, 3, 12, 55.00, 1, 1),
(1104, '2013-08-26', 76, 4, 127, 1.00, 1, 1),
(1105, '2013-08-26', 77, 1, 40, 25.00, 1, 1),
(1106, '2013-08-26', 77, 2, 127, 1.00, 1, 1),
(1107, '2013-08-26', 98, 1, 5, 80.00, 1, 1),
(1108, '2013-08-26', 98, 2, 5, 80.00, 1, 1),
(1109, '2013-08-26', 98, 3, 5, 80.00, 1, 1),
(1110, '2013-08-26', 98, 4, 4, 80.00, 1, 1),
(1111, '2013-08-26', 98, 5, 127, 1.00, 1, 1),
(1112, '2013-08-26', 99, 1, 12, 30.00, 1, 1),
(1113, '2013-08-26', 99, 2, 12, 30.00, 1, 1),
(1114, '2013-08-26', 99, 3, 10, 30.00, 1, 1),
(1115, '2013-08-26', 99, 4, 127, 1.00, 1, 1),
(1116, '2013-08-27', 88, 1, 5, 410.00, 2, 1),
(1117, '2013-08-27', 88, 2, 5, 410.00, 2, 1),
(1118, '2013-08-27', 88, 3, 5, 410.00, 2, 1),
(1119, '2013-08-27', 88, 4, 5, 410.00, 2, 1),
(1120, '2013-08-27', 88, 5, 127, 1.00, 2, 1),
(1121, '2013-08-27', 89, 1, 12, 320.00, 2, 1),
(1122, '2013-08-27', 89, 2, 12, 320.00, 2, 1),
(1123, '2013-08-27', 89, 3, 12, 320.00, 2, 1),
(1124, '2013-08-27', 89, 4, 127, 1.00, 2, 1),
(1125, '2013-08-27', 90, 1, 12, 80.00, 2, 1),
(1126, '2013-08-27', 90, 2, 12, 80.00, 2, 1),
(1127, '2013-08-27', 90, 3, 12, 80.00, 2, 1),
(1128, '2013-08-27', 90, 4, 127, 1.00, 2, 1),
(1129, '2013-08-27', 91, 1, 40, 110.00, 2, 1),
(1130, '2013-08-27', 91, 2, 127, 1.00, 2, 1),
(1131, '2013-09-10', 88, 1, 5, 410.00, 2, 1),
(1132, '2013-09-10', 88, 2, 5, 410.00, 2, 1),
(1133, '2013-09-10', 88, 3, 5, 410.00, 2, 1),
(1134, '2013-09-10', 88, 4, 5, 410.00, 2, 1),
(1135, '2013-09-10', 88, 5, 127, 1.00, 2, 1),
(1136, '2013-09-10', 89, 1, 12, 340.00, 2, 1),
(1137, '2013-09-10', 89, 2, 12, 340.00, 2, 1),
(1138, '2013-09-10', 89, 3, 12, 340.00, 2, 1),
(1139, '2013-09-10', 89, 4, 127, 1.00, 2, 1),
(1140, '2013-09-10', 101, 1, 5, 215.00, 2, 1),
(1141, '2013-09-10', 101, 2, 5, 215.00, 2, 1),
(1142, '2013-09-10', 101, 3, 5, 215.00, 2, 1),
(1143, '2013-09-10', 101, 4, 5, 215.00, 2, 1),
(1144, '2013-09-10', 101, 5, 127, 1.00, 2, 1),
(1145, '2013-09-10', 102, 1, 12, 110.00, 2, 1),
(1146, '2013-09-10', 102, 2, 12, 110.00, 2, 1),
(1147, '2013-09-10', 102, 3, 12, 110.00, 2, 1),
(1148, '2013-09-10', 102, 4, 127, 1.00, 2, 1),
(1149, '2013-09-30', 74, 1, 5, 155.00, 1, 1),
(1150, '2013-09-30', 74, 2, 5, 155.00, 1, 1),
(1151, '2013-09-30', 74, 3, 4, 155.00, 1, 1),
(1152, '2013-09-30', 74, 4, 4, 155.00, 1, 1),
(1153, '2013-09-30', 74, 5, 127, 1.00, 1, 1),
(1154, '2013-09-30', 75, 1, 12, 85.00, 1, 1),
(1155, '2013-09-30', 75, 2, 12, 85.00, 1, 1),
(1156, '2013-09-30', 75, 3, 9, 85.00, 1, 1),
(1157, '2013-09-30', 75, 4, 127, 1.00, 1, 1),
(1158, '2013-09-30', 76, 1, 12, 55.00, 1, 1),
(1159, '2013-09-30', 76, 2, 12, 55.00, 1, 1),
(1160, '2013-09-30', 76, 3, 9, 55.00, 1, 1),
(1161, '2013-09-30', 76, 4, 127, 1.00, 1, 1),
(1162, '2013-09-30', 77, 1, 40, 25.00, 1, 1),
(1163, '2013-09-30', 77, 2, 127, 1.00, 1, 1),
(1164, '2013-09-30', 98, 1, 5, 80.00, 1, 1),
(1165, '2013-09-30', 98, 2, 5, 80.00, 1, 1),
(1166, '2013-09-30', 98, 3, 5, 80.00, 1, 1),
(1167, '2013-09-30', 98, 4, 5, 80.00, 1, 1),
(1168, '2013-09-30', 98, 5, 127, 1.00, 1, 1),
(1169, '2013-10-08', 88, 1, 5, 410.00, 2, 1),
(1170, '2013-10-08', 88, 2, 5, 410.00, 2, 1),
(1171, '2013-10-08', 88, 3, 5, 410.00, 2, 1),
(1172, '2013-10-08', 88, 4, 5, 410.00, 2, 1),
(1173, '2013-10-08', 88, 5, 127, 1.00, 2, 1),
(1174, '2013-10-08', 89, 1, 12, 340.00, 2, 1),
(1175, '2013-10-08', 89, 2, 12, 340.00, 2, 1),
(1176, '2013-10-08', 89, 3, 12, 340.00, 2, 1),
(1177, '2013-10-08', 89, 4, 127, 1.00, 2, 1),
(1178, '2013-10-08', 101, 1, 5, 225.00, 2, 1),
(1179, '2013-10-08', 101, 2, 5, 225.00, 2, 1),
(1180, '2013-10-08', 101, 3, 5, 225.00, 2, 1),
(1181, '2013-10-08', 101, 4, 5, 225.00, 2, 1),
(1182, '2013-10-08', 101, 5, 127, 1.00, 2, 1),
(1183, '2013-10-08', 102, 1, 11, 110.00, 2, 1),
(1184, '2013-10-08', 102, 2, 12, 110.00, 2, 1),
(1185, '2013-10-08', 102, 3, 8, 110.00, 2, 1),
(1186, '2013-10-08', 102, 4, 127, 1.00, 2, 1),
(1187, '2013-10-10', 78, 1, 5, 155.00, 3, 1),
(1188, '2013-10-10', 78, 2, 5, 155.00, 3, 1),
(1189, '2013-10-10', 78, 3, 5, 155.00, 3, 1);
INSERT INTO `workouts` (`id`, `record`, `exercise`, `set_number`, `reps`, `weight`, `day_number`, `user`) VALUES
(1190, '2013-10-10', 78, 4, 3, 155.00, 3, 1),
(1191, '2013-10-10', 78, 5, 127, 1.00, 3, 1),
(1192, '2013-10-10', 79, 1, 12, 40.00, 3, 1),
(1193, '2013-10-10', 79, 2, 12, 40.00, 3, 1),
(1194, '2013-10-10', 79, 3, 12, 40.00, 3, 1),
(1195, '2013-10-10', 79, 4, 127, 1.00, 3, 1),
(1196, '2013-10-10', 80, 1, 40, 32.50, 3, 1),
(1197, '2013-10-10', 80, 2, 127, 1.00, 3, 1),
(1198, '2013-10-10', 94, 1, 5, 90.00, 3, 1),
(1199, '2013-10-10', 94, 2, 5, 90.00, 3, 1),
(1200, '2013-10-10', 94, 3, 5, 90.00, 3, 1),
(1201, '2013-10-10', 94, 4, 4, 90.00, 3, 1),
(1202, '2013-10-10', 94, 5, 127, 1.00, 3, 1),
(1203, '2013-10-14', 74, 1, 5, 155.00, 1, 1),
(1204, '2013-10-14', 74, 2, 5, 155.00, 1, 1),
(1205, '2013-10-14', 74, 3, 5, 155.00, 1, 1),
(1206, '2013-10-14', 74, 4, 4, 155.00, 1, 1),
(1207, '2013-10-14', 74, 5, 127, 1.00, 1, 1),
(1208, '2013-10-14', 75, 1, 12, 85.00, 1, 1),
(1209, '2013-10-14', 75, 2, 12, 85.00, 1, 1),
(1210, '2013-10-14', 75, 3, 9, 85.00, 1, 1),
(1211, '2013-10-14', 75, 4, 127, 1.00, 1, 1),
(1212, '2013-10-14', 76, 1, 12, 55.00, 1, 1),
(1213, '2013-10-14', 76, 2, 11, 55.00, 1, 1),
(1214, '2013-10-14', 76, 3, 11, 55.00, 1, 1),
(1215, '2013-10-14', 76, 4, 127, 1.00, 1, 1),
(1216, '2013-10-14', 77, 1, 40, 25.00, 1, 1),
(1217, '2013-10-14', 77, 2, 127, 1.00, 1, 1),
(1218, '2013-10-14', 98, 1, 5, 80.00, 1, 1),
(1219, '2013-10-14', 98, 2, 5, 80.00, 1, 1),
(1220, '2013-10-14', 98, 3, 5, 80.00, 1, 1),
(1221, '2013-10-14', 98, 4, 4, 80.00, 1, 1),
(1222, '2013-10-14', 98, 5, 127, 1.00, 1, 1),
(1223, '2013-10-21', 74, 1, 5, 155.00, 1, 1),
(1224, '2013-10-21', 74, 2, 5, 155.00, 1, 1),
(1225, '2013-10-21', 74, 3, 5, 155.00, 1, 1),
(1226, '2013-10-21', 74, 4, 5, 155.00, 1, 1),
(1227, '2013-10-21', 74, 5, 127, 1.00, 1, 1),
(1228, '2013-10-21', 75, 1, 12, 85.00, 1, 1),
(1229, '2013-10-21', 75, 2, 12, 85.00, 1, 1),
(1230, '2013-10-21', 75, 3, 10, 85.00, 1, 1),
(1231, '2013-10-21', 75, 4, 127, 1.00, 1, 1),
(1232, '2013-10-21', 76, 1, 12, 55.00, 1, 1),
(1233, '2013-10-21', 76, 2, 12, 55.00, 1, 1),
(1234, '2013-10-21', 76, 3, 12, 55.00, 1, 1),
(1235, '2013-10-21', 76, 4, 127, 1.00, 1, 1),
(1236, '2013-10-21', 77, 1, 40, 25.00, 1, 1),
(1237, '2013-10-21', 77, 2, 127, 1.00, 1, 1),
(1238, '2013-10-21', 98, 1, 5, 80.00, 1, 1),
(1239, '2013-10-21', 98, 2, 5, 80.00, 1, 1),
(1240, '2013-10-21', 98, 3, 5, 80.00, 1, 1),
(1241, '2013-10-21', 98, 4, 5, 80.00, 1, 1),
(1242, '2013-10-21', 98, 5, 127, 1.00, 1, 1),
(1243, '2013-11-11', 64, 1, 1, 30.00, 1, 1),
(1244, '2013-11-11', 64, 2, 127, 1.00, 1, 1),
(1245, '2013-11-11', 74, 1, 5, 155.00, 1, 1),
(1246, '2013-11-11', 74, 2, 4, 155.00, 1, 1),
(1247, '2013-11-11', 74, 3, 4, 155.00, 1, 1),
(1248, '2013-11-11', 74, 4, 4, 155.00, 1, 1),
(1249, '2013-11-11', 74, 5, 127, 1.00, 1, 1),
(1250, '2013-11-11', 75, 1, 12, 85.00, 1, 1),
(1251, '2013-11-11', 75, 2, 12, 85.00, 1, 1),
(1252, '2013-11-11', 75, 3, 8, 85.00, 1, 1),
(1253, '2013-11-11', 75, 4, 127, 1.00, 1, 1),
(1254, '2013-11-11', 76, 1, 12, 55.00, 1, 1),
(1255, '2013-11-11', 76, 2, 12, 55.00, 1, 1),
(1256, '2013-11-11', 76, 3, 11, 55.00, 1, 1),
(1257, '2013-11-11', 76, 4, 127, 1.00, 1, 1),
(1258, '2013-11-11', 77, 1, 20, 25.00, 1, 1),
(1259, '2013-11-11', 77, 2, 127, 1.00, 1, 1),
(1260, '2013-11-11', 98, 1, 5, 80.00, 1, 1),
(1261, '2013-11-11', 98, 2, 5, 80.00, 1, 1),
(1262, '2013-11-11', 98, 3, 5, 80.00, 1, 1),
(1263, '2013-11-11', 98, 4, 5, 80.00, 1, 1),
(1264, '2013-11-11', 98, 5, 127, 1.00, 1, 1),
(1265, '2013-11-11', 99, 1, 11, 30.00, 1, 1),
(1266, '2013-11-11', 99, 2, 9, 30.00, 1, 1),
(1267, '2013-11-11', 99, 3, 8, 30.00, 1, 1),
(1268, '2013-11-11', 99, 4, 127, 1.00, 1, 1),
(1269, '2013-11-12', 88, 1, 5, 410.00, 2, 1),
(1270, '2013-11-12', 88, 2, 5, 410.00, 2, 1),
(1271, '2013-11-12', 88, 3, 5, 410.00, 2, 1),
(1272, '2013-11-12', 88, 4, 5, 410.00, 2, 1),
(1273, '2013-11-12', 88, 5, 127, 1.00, 2, 1),
(1274, '2013-11-12', 89, 1, 12, 340.00, 2, 1),
(1275, '2013-11-12', 89, 2, 12, 340.00, 2, 1),
(1276, '2013-11-12', 89, 3, 12, 340.00, 2, 1),
(1277, '2013-11-12', 89, 4, 127, 1.00, 2, 1),
(1278, '2013-11-12', 90, 1, 12, 80.00, 2, 1),
(1279, '2013-11-12', 90, 2, 12, 80.00, 2, 1),
(1280, '2013-11-12', 90, 3, 12, 80.00, 2, 1),
(1281, '2013-11-12', 90, 4, 127, 1.00, 2, 1),
(1282, '2013-11-12', 91, 1, 40, 110.00, 2, 1),
(1283, '2013-11-12', 91, 2, 127, 1.00, 2, 1),
(1284, '2013-11-14', 78, 1, 5, 155.00, 3, 1),
(1285, '2013-11-14', 78, 2, 4, 155.00, 3, 1),
(1286, '2013-11-14', 78, 3, 4, 155.00, 3, 1),
(1287, '2013-11-14', 78, 4, 4, 155.00, 3, 1),
(1288, '2013-11-14', 78, 5, 127, 1.00, 3, 1),
(1289, '2013-11-14', 79, 1, 12, 40.00, 3, 1),
(1290, '2013-11-14', 79, 2, 12, 40.00, 3, 1),
(1291, '2013-11-14', 79, 3, 12, 40.00, 3, 1),
(1292, '2013-11-14', 79, 4, 127, 1.00, 3, 1),
(1293, '2013-11-14', 80, 1, 40, 33.00, 3, 1),
(1294, '2013-11-14', 80, 2, 127, 1.00, 3, 1),
(1295, '2013-11-14', 94, 1, 5, 90.00, 3, 1),
(1296, '2013-11-14', 94, 2, 5, 90.00, 3, 1),
(1297, '2013-11-14', 94, 3, 4, 90.00, 3, 1),
(1298, '2013-11-14', 94, 4, 4, 90.00, 3, 1),
(1299, '2013-11-14', 94, 5, 127, 1.00, 3, 1),
(1300, '2013-11-14', 95, 1, 8, 35.00, 3, 1),
(1301, '2013-11-14', 95, 2, 10, 35.00, 3, 1),
(1302, '2013-11-14', 95, 3, 10, 35.00, 3, 1),
(1303, '2013-11-14', 95, 4, 127, 1.00, 3, 1),
(1304, '2013-11-18', 74, 1, 5, 155.00, 1, 1),
(1305, '2013-11-18', 74, 2, 5, 155.00, 1, 1),
(1306, '2013-11-18', 74, 3, 5, 155.00, 1, 1),
(1307, '2013-11-18', 74, 4, 4, 155.00, 1, 1),
(1308, '2013-11-18', 74, 5, 127, 1.00, 1, 1),
(1309, '2013-11-18', 75, 1, 12, 85.00, 1, 1),
(1310, '2013-11-18', 75, 2, 12, 85.00, 1, 1),
(1311, '2013-11-18', 75, 3, 9, 85.00, 1, 1),
(1312, '2013-11-18', 75, 4, 127, 1.00, 1, 1),
(1313, '2013-11-18', 76, 1, 12, 55.00, 1, 1),
(1314, '2013-11-18', 76, 2, 12, 55.00, 1, 1),
(1315, '2013-11-18', 76, 3, 12, 55.00, 1, 1),
(1316, '2013-11-18', 76, 4, 127, 1.00, 1, 1),
(1317, '2013-11-18', 98, 1, 5, 80.00, 1, 1),
(1318, '2013-11-18', 98, 2, 5, 80.00, 1, 1),
(1319, '2013-11-18', 98, 3, 5, 80.00, 1, 1),
(1320, '2013-11-18', 98, 4, 5, 80.00, 1, 1),
(1321, '2013-11-18', 98, 5, 127, 1.00, 1, 1),
(1322, '2013-11-18', 99, 1, 12, 30.00, 1, 1),
(1323, '2013-11-18', 99, 2, 12, 30.00, 1, 1),
(1324, '2013-11-18', 99, 3, 9, 30.00, 1, 1),
(1325, '2013-11-18', 99, 4, 127, 1.00, 1, 1),
(1326, '2013-11-19', 88, 1, 5, 410.00, 2, 1),
(1327, '2013-11-19', 88, 2, 5, 410.00, 2, 1),
(1328, '2013-11-19', 88, 3, 5, 410.00, 2, 1),
(1329, '2013-11-19', 88, 4, 5, 410.00, 2, 1),
(1330, '2013-11-19', 88, 5, 127, 1.00, 2, 1),
(1331, '2013-11-19', 89, 1, 12, 340.00, 2, 1),
(1332, '2013-11-19', 89, 2, 12, 340.00, 2, 1),
(1333, '2013-11-19', 89, 3, 12, 340.00, 2, 1),
(1334, '2013-11-19', 89, 4, 127, 1.00, 2, 1),
(1335, '2013-11-19', 90, 1, 12, 80.00, 2, 1),
(1336, '2013-11-19', 90, 2, 12, 80.00, 2, 1),
(1337, '2013-11-19', 90, 3, 12, 80.00, 2, 1),
(1338, '2013-11-19', 90, 4, 127, 1.00, 2, 1),
(1339, '2013-11-19', 91, 1, 40, 110.00, 2, 1),
(1340, '2013-11-19', 91, 2, 127, 1.00, 2, 1),
(1341, '2013-11-25', 74, 1, 6, 155.00, 1, 1),
(1342, '2013-11-25', 74, 2, 5, 155.00, 1, 1),
(1343, '2013-11-25', 74, 3, 5, 155.00, 1, 1),
(1344, '2013-11-25', 74, 4, 5, 155.00, 1, 1),
(1345, '2013-11-25', 74, 5, 127, 1.00, 1, 1),
(1346, '2013-11-25', 75, 1, 12, 85.00, 1, 1),
(1347, '2013-11-25', 75, 2, 12, 85.00, 1, 1),
(1348, '2013-11-25', 75, 3, 9, 85.00, 1, 1),
(1349, '2013-11-25', 75, 4, 127, 1.00, 1, 1),
(1350, '2013-11-25', 76, 1, 12, 55.00, 1, 1),
(1351, '2013-11-25', 76, 2, 12, 55.00, 1, 1),
(1352, '2013-11-25', 76, 3, 12, 55.00, 1, 1),
(1353, '2013-11-25', 76, 4, 127, 1.00, 1, 1),
(1354, '2013-11-25', 77, 1, 40, 25.00, 1, 1),
(1355, '2013-11-25', 77, 2, 127, 1.00, 1, 1),
(1356, '2013-11-25', 98, 1, 5, 90.00, 1, 1),
(1357, '2013-11-25', 98, 2, 5, 90.00, 1, 1),
(1358, '2013-11-25', 98, 3, 4, 90.00, 1, 1),
(1359, '2013-11-25', 98, 4, 3, 90.00, 1, 1),
(1360, '2013-11-25', 98, 5, 127, 1.00, 1, 1),
(1361, '2013-11-25', 99, 1, 12, 30.00, 1, 1),
(1362, '2013-11-25', 99, 2, 12, 30.00, 1, 1),
(1363, '2013-11-25', 99, 3, 9, 30.00, 1, 1),
(1364, '2013-11-25', 99, 4, 127, 1.00, 1, 1),
(1365, '2013-11-26', 88, 1, 5, 430.00, 2, 1),
(1366, '2013-11-26', 88, 2, 5, 430.00, 2, 1),
(1367, '2013-11-26', 88, 3, 5, 430.00, 2, 1),
(1368, '2013-11-26', 88, 4, 5, 430.00, 2, 1),
(1369, '2013-11-26', 88, 5, 127, 1.00, 2, 1),
(1370, '2013-11-26', 89, 1, 12, 360.00, 2, 1),
(1371, '2013-11-26', 89, 2, 12, 360.00, 2, 1),
(1372, '2013-11-26', 89, 3, 12, 360.00, 2, 1),
(1373, '2013-11-26', 89, 4, 127, 1.00, 2, 1),
(1374, '2013-11-26', 90, 1, 12, 90.00, 2, 1),
(1375, '2013-11-26', 90, 2, 12, 90.00, 2, 1),
(1376, '2013-11-26', 90, 3, 12, 90.00, 2, 1),
(1377, '2013-11-26', 90, 4, 127, 1.00, 2, 1),
(1378, '2013-11-26', 91, 1, 40, 130.00, 2, 1),
(1379, '2013-11-26', 91, 2, 127, 1.00, 2, 1),
(1380, '2014-01-02', 78, 1, 5, 155.00, 3, 1),
(1381, '2014-01-02', 78, 2, 5, 155.00, 3, 1),
(1382, '2014-01-02', 78, 3, 4, 155.00, 3, 1),
(1383, '2014-01-02', 78, 4, 4, 155.00, 3, 1),
(1384, '2014-01-02', 78, 5, 127, 1.00, 3, 1),
(1385, '2014-01-02', 79, 1, 12, 40.00, 3, 1),
(1386, '2014-01-02', 79, 2, 12, 40.00, 3, 1),
(1387, '2014-01-02', 79, 3, 12, 40.00, 3, 1),
(1388, '2014-01-02', 79, 4, 127, 1.00, 3, 1),
(1389, '2014-01-02', 80, 1, 40, 33.00, 3, 1),
(1390, '2014-01-02', 80, 2, 127, 1.00, 3, 1),
(1391, '2014-01-02', 94, 1, 5, 90.00, 3, 1),
(1392, '2014-01-02', 94, 2, 5, 90.00, 3, 1),
(1393, '2014-01-02', 94, 3, 3, 90.00, 3, 1),
(1394, '2014-01-02', 94, 4, 3, 90.00, 3, 1),
(1395, '2014-01-02', 94, 5, 127, 1.00, 3, 1),
(1396, '2014-01-02', 95, 1, 10, 35.00, 3, 1),
(1397, '2014-01-02', 95, 2, 10, 35.00, 3, 1),
(1398, '2014-01-02', 95, 3, 10, 35.00, 3, 1),
(1399, '2014-01-02', 95, 4, 127, 1.00, 3, 1),
(1400, '2014-01-02', 96, 1, 12, 20.00, 3, 1),
(1401, '2014-01-02', 96, 2, 10, 20.00, 3, 1),
(1402, '2014-01-02', 96, 3, 10, 20.00, 3, 1),
(1403, '2014-01-02', 96, 4, 127, 1.00, 3, 1),
(1404, '2014-01-03', 83, 1, 12, 90.00, 4, 1),
(1405, '2014-01-03', 83, 2, 12, 90.00, 4, 1),
(1406, '2014-01-03', 83, 3, 9, 90.00, 4, 1),
(1407, '2014-01-03', 83, 4, 127, 1.00, 4, 1),
(1408, '2014-01-03', 84, 1, 40, 70.00, 4, 1),
(1409, '2014-01-03', 84, 2, 127, 1.00, 4, 1),
(1410, '2014-01-03', 92, 1, 12, 270.00, 4, 1),
(1411, '2014-01-03', 92, 2, 12, 270.00, 4, 1),
(1412, '2014-01-03', 92, 3, 12, 270.00, 4, 1),
(1413, '2014-01-03', 92, 4, 127, 1.00, 4, 1),
(1414, '2014-01-03', 93, 1, 40, 180.00, 4, 1),
(1415, '2014-01-03', 93, 2, 127, 1.00, 4, 1),
(1416, '2014-01-03', 105, 1, 5, 185.00, 4, 1),
(1417, '2014-01-03', 105, 2, 5, 185.00, 4, 1),
(1418, '2014-01-03', 105, 3, 5, 185.00, 4, 1),
(1419, '2014-01-03', 105, 4, 5, 185.00, 4, 1),
(1420, '2014-01-03', 105, 5, 127, 1.00, 4, 1),
(1421, '2014-01-03', 107, 1, 12, 50.00, 4, 1),
(1422, '2014-01-03', 107, 2, 12, 50.00, 4, 1),
(1423, '2014-01-03', 107, 3, 12, 50.00, 4, 1),
(1424, '2014-01-03', 107, 4, 127, 1.00, 4, 1),
(1425, '2014-01-06', 74, 1, 5, 155.00, 1, 1),
(1426, '2014-01-06', 74, 2, 5, 155.00, 1, 1),
(1427, '2014-01-06', 74, 3, 5, 155.00, 1, 1),
(1428, '2014-01-06', 74, 4, 3, 155.00, 1, 1),
(1429, '2014-01-06', 74, 5, 127, 1.00, 1, 1),
(1430, '2014-01-06', 75, 1, 12, 85.00, 1, 1),
(1431, '2014-01-06', 75, 2, 12, 85.00, 1, 1),
(1432, '2014-01-06', 75, 3, 9, 85.00, 1, 1),
(1433, '2014-01-06', 75, 4, 127, 1.00, 1, 1),
(1434, '2014-01-06', 76, 1, 12, 55.00, 1, 1),
(1435, '2014-01-06', 76, 2, 12, 55.00, 1, 1),
(1436, '2014-01-06', 76, 3, 10, 55.00, 1, 1),
(1437, '2014-01-06', 76, 4, 127, 1.00, 1, 1),
(1438, '2014-01-06', 77, 1, 40, 25.00, 1, 1),
(1439, '2014-01-06', 77, 2, 127, 1.00, 1, 1),
(1440, '2014-01-06', 98, 1, 5, 90.00, 1, 1),
(1441, '2014-01-06', 98, 2, 5, 90.00, 1, 1),
(1442, '2014-01-06', 98, 3, 5, 90.00, 1, 1),
(1443, '2014-01-06', 98, 4, 3, 90.00, 1, 1),
(1444, '2014-01-06', 98, 5, 127, 1.00, 1, 1),
(1445, '2014-01-06', 99, 1, 12, 30.00, 1, 1),
(1446, '2014-01-06', 99, 2, 12, 30.00, 1, 1),
(1447, '2014-01-06', 99, 3, 9, 30.00, 1, 1),
(1448, '2014-01-06', 99, 4, 127, 1.00, 1, 1),
(1449, '2014-01-06', 100, 1, 40, 25.00, 1, 1),
(1450, '2014-01-06', 100, 2, 127, 1.00, 1, 1),
(1451, '2014-01-09', 78, 1, 5, 155.00, 3, 1),
(1452, '2014-01-09', 78, 2, 5, 155.00, 3, 1),
(1453, '2014-01-09', 78, 3, 4, 155.00, 3, 1),
(1454, '2014-01-09', 78, 4, 4, 155.00, 3, 1),
(1455, '2014-01-09', 78, 5, 127, 1.00, 3, 1),
(1456, '2014-01-09', 79, 1, 12, 40.00, 3, 1),
(1457, '2014-01-09', 79, 2, 12, 40.00, 3, 1),
(1458, '2014-01-09', 79, 3, 12, 40.00, 3, 1),
(1459, '2014-01-09', 79, 4, 127, 1.00, 3, 1),
(1460, '2014-01-09', 80, 1, 40, 33.00, 3, 1),
(1461, '2014-01-09', 80, 2, 127, 1.00, 3, 1),
(1462, '2014-01-09', 94, 1, 5, 90.00, 3, 1),
(1463, '2014-01-09', 94, 2, 5, 90.00, 3, 1),
(1464, '2014-01-09', 94, 3, 5, 90.00, 3, 1),
(1465, '2014-01-09', 94, 4, 3, 90.00, 3, 1),
(1466, '2014-01-09', 94, 5, 127, 1.00, 3, 1),
(1467, '2014-01-09', 95, 1, 12, 35.00, 3, 1),
(1468, '2014-01-09', 95, 2, 10, 35.00, 3, 1),
(1469, '2014-01-09', 95, 3, 10, 35.00, 3, 1),
(1470, '2014-01-09', 95, 4, 127, 1.00, 3, 1),
(1471, '2014-01-09', 96, 1, 12, 20.00, 3, 1),
(1472, '2014-01-09', 96, 2, 10, 20.00, 3, 1),
(1473, '2014-01-09', 96, 3, 10, 20.00, 3, 1),
(1474, '2014-01-09', 96, 4, 127, 1.00, 3, 1),
(1475, '2014-01-10', 83, 1, 12, 90.00, 4, 1),
(1476, '2014-01-10', 83, 2, 12, 90.00, 4, 1),
(1477, '2014-01-10', 83, 3, 10, 90.00, 4, 1),
(1478, '2014-01-10', 83, 4, 127, 1.00, 4, 1),
(1479, '2014-01-10', 84, 1, 40, 70.00, 4, 1),
(1480, '2014-01-10', 84, 2, 127, 1.00, 4, 1),
(1481, '2014-01-10', 92, 1, 12, 270.00, 4, 1),
(1482, '2014-01-10', 92, 2, 12, 270.00, 4, 1),
(1483, '2014-01-10', 92, 3, 12, 270.00, 4, 1),
(1484, '2014-01-10', 92, 4, 127, 1.00, 4, 1),
(1485, '2014-01-10', 93, 1, 40, 180.00, 4, 1),
(1486, '2014-01-10', 93, 2, 127, 1.00, 4, 1),
(1487, '2014-01-10', 105, 1, 5, 185.00, 4, 1),
(1488, '2014-01-10', 105, 2, 5, 185.00, 4, 1),
(1489, '2014-01-10', 105, 3, 5, 185.00, 4, 1),
(1490, '2014-01-10', 105, 4, 5, 185.00, 4, 1),
(1491, '2014-01-10', 105, 5, 127, 1.00, 4, 1),
(1492, '2014-01-10', 107, 1, 12, 50.00, 4, 1),
(1493, '2014-01-10', 107, 2, 12, 50.00, 4, 1),
(1494, '2014-01-10', 107, 3, 12, 50.00, 4, 1),
(1495, '2014-01-10', 107, 4, 127, 1.00, 4, 1),
(1496, '2014-01-13', 74, 1, 5, 155.00, 1, 1),
(1497, '2014-01-13', 74, 2, 5, 155.00, 1, 1),
(1498, '2014-01-13', 74, 3, 5, 155.00, 1, 1),
(1499, '2014-01-13', 74, 4, 5, 155.00, 1, 1),
(1500, '2014-01-13', 74, 5, 127, 1.00, 1, 1),
(1501, '2014-01-13', 75, 1, 12, 85.00, 1, 1),
(1502, '2014-01-13', 75, 2, 12, 85.00, 1, 1),
(1503, '2014-01-13', 75, 3, 12, 85.00, 1, 1),
(1504, '2014-01-13', 75, 4, 127, 1.00, 1, 1),
(1505, '2014-01-13', 76, 1, 12, 55.00, 1, 1),
(1506, '2014-01-13', 76, 2, 12, 55.00, 1, 1),
(1507, '2014-01-13', 76, 3, 12, 55.00, 1, 1),
(1508, '2014-01-13', 76, 4, 127, 1.00, 1, 1),
(1509, '2014-01-13', 77, 1, 40, 25.00, 1, 1),
(1510, '2014-01-13', 77, 2, 127, 1.00, 1, 1),
(1511, '2014-01-13', 98, 1, 5, 90.00, 1, 1),
(1512, '2014-01-13', 98, 2, 5, 90.00, 1, 1),
(1513, '2014-01-13', 98, 3, 5, 90.00, 1, 1),
(1514, '2014-01-13', 98, 4, 5, 90.00, 1, 1),
(1515, '2014-01-13', 98, 5, 127, 1.00, 1, 1),
(1516, '2014-01-13', 99, 1, 12, 30.00, 1, 1),
(1517, '2014-01-13', 99, 2, 12, 30.00, 1, 1),
(1518, '2014-01-13', 99, 3, 9, 30.00, 1, 1),
(1519, '2014-01-13', 99, 4, 127, 1.00, 1, 1),
(1520, '2014-01-13', 100, 1, 40, 25.00, 1, 1),
(1521, '2014-01-13', 100, 2, 127, 1.00, 1, 1),
(1522, '2014-01-14', 88, 1, 5, 430.00, 2, 1),
(1523, '2014-01-14', 88, 2, 5, 430.00, 2, 1),
(1524, '2014-01-14', 88, 3, 5, 430.00, 2, 1),
(1525, '2014-01-14', 88, 4, 5, 430.00, 2, 1),
(1526, '2014-01-14', 88, 5, 127, 1.00, 2, 1),
(1527, '2014-01-14', 89, 1, 12, 360.00, 2, 1),
(1528, '2014-01-14', 89, 2, 12, 360.00, 2, 1),
(1529, '2014-01-14', 89, 3, 12, 360.00, 2, 1),
(1530, '2014-01-14', 89, 4, 127, 1.00, 2, 1),
(1531, '2014-01-14', 90, 1, 12, 90.00, 2, 1),
(1532, '2014-01-14', 90, 2, 12, 90.00, 2, 1),
(1533, '2014-01-14', 90, 3, 12, 90.00, 2, 1),
(1534, '2014-01-14', 90, 4, 127, 1.00, 2, 1),
(1535, '2014-01-14', 91, 1, 40, 140.00, 2, 1),
(1536, '2014-01-14', 91, 2, 127, 1.00, 2, 1),
(1537, '2014-01-14', 101, 1, 5, 225.00, 2, 1),
(1538, '2014-01-14', 101, 2, 5, 225.00, 2, 1),
(1539, '2014-01-14', 101, 3, 5, 225.00, 2, 1),
(1540, '2014-01-14', 101, 4, 5, 225.00, 2, 1),
(1541, '2014-01-14', 101, 5, 127, 1.00, 2, 1),
(1542, '2014-01-14', 102, 1, 12, 110.00, 2, 1),
(1543, '2014-01-14', 102, 2, 12, 110.00, 2, 1),
(1544, '2014-01-14', 102, 3, 12, 110.00, 2, 1),
(1545, '2014-01-14', 102, 4, 127, 1.00, 2, 1),
(1546, '2014-01-14', 103, 1, 40, 50.00, 2, 1),
(1547, '2014-01-14', 103, 2, 127, 1.00, 2, 1),
(1548, '2014-01-23', 78, 1, 5, 155.00, 3, 1),
(1549, '2014-01-23', 78, 2, 5, 155.00, 3, 1),
(1550, '2014-01-23', 78, 3, 5, 155.00, 3, 1),
(1551, '2014-01-23', 78, 4, 5, 155.00, 3, 1),
(1552, '2014-01-23', 78, 5, 127, 1.00, 3, 1),
(1553, '2014-01-23', 79, 1, 12, 40.00, 3, 1),
(1554, '2014-01-23', 79, 2, 12, 40.00, 3, 1),
(1555, '2014-01-23', 79, 3, 12, 40.00, 3, 1),
(1556, '2014-01-23', 79, 4, 127, 1.00, 3, 1),
(1557, '2014-01-23', 80, 1, 40, 33.00, 3, 1),
(1558, '2014-01-23', 80, 2, 127, 1.00, 3, 1),
(1559, '2014-01-23', 94, 1, 5, 90.00, 3, 1),
(1560, '2014-01-23', 94, 2, 5, 90.00, 3, 1),
(1561, '2014-01-23', 94, 3, 4, 90.00, 3, 1),
(1562, '2014-01-23', 94, 4, 4, 90.00, 3, 1),
(1563, '2014-01-23', 94, 5, 127, 1.00, 3, 1),
(1564, '2014-01-23', 95, 1, 12, 35.00, 3, 1),
(1565, '2014-01-23', 95, 2, 10, 35.00, 3, 1),
(1566, '2014-01-23', 95, 3, 10, 35.00, 3, 1),
(1567, '2014-01-23', 95, 4, 127, 1.00, 3, 1),
(1568, '2014-01-23', 96, 1, 12, 20.00, 3, 1),
(1569, '2014-01-23', 96, 2, 10, 20.00, 3, 1),
(1570, '2014-01-23', 96, 3, 10, 20.00, 3, 1),
(1571, '2014-01-23', 96, 4, 127, 1.00, 3, 1),
(1572, '2014-01-24', 83, 1, 12, 90.00, 4, 1),
(1573, '2014-01-24', 83, 2, 12, 90.00, 4, 1),
(1574, '2014-01-24', 83, 3, 12, 90.00, 4, 1),
(1575, '2014-01-24', 83, 4, 127, 1.00, 4, 1),
(1576, '2014-01-24', 84, 1, 40, 60.00, 4, 1),
(1577, '2014-01-24', 84, 2, 127, 1.00, 4, 1),
(1578, '2014-01-24', 92, 1, 12, 270.00, 4, 1),
(1579, '2014-01-24', 92, 2, 12, 270.00, 4, 1),
(1580, '2014-01-24', 92, 3, 12, 270.00, 4, 1),
(1581, '2014-01-24', 92, 4, 127, 1.00, 4, 1),
(1582, '2014-01-24', 93, 1, 40, 180.00, 4, 1),
(1583, '2014-01-24', 93, 2, 127, 1.00, 4, 1),
(1584, '2014-01-24', 105, 1, 5, 185.00, 4, 1),
(1585, '2014-01-24', 105, 2, 5, 185.00, 4, 1),
(1586, '2014-01-24', 105, 3, 5, 185.00, 4, 1),
(1587, '2014-01-24', 105, 4, 5, 185.00, 4, 1),
(1588, '2014-01-24', 105, 5, 127, 1.00, 4, 1),
(1589, '2014-01-24', 107, 1, 12, 50.00, 4, 1),
(1590, '2014-01-24', 107, 2, 12, 50.00, 4, 1),
(1591, '2014-01-24', 107, 3, 12, 50.00, 4, 1),
(1592, '2014-01-24', 107, 4, 127, 1.00, 4, 1),
(1593, '2014-01-27', 74, 1, 5, 155.00, 1, 1),
(1594, '2014-01-27', 74, 2, 5, 155.00, 1, 1),
(1595, '2014-01-27', 74, 3, 5, 155.00, 1, 1),
(1596, '2014-01-27', 74, 4, 5, 155.00, 1, 1),
(1597, '2014-01-27', 74, 5, 127, 1.00, 1, 1),
(1598, '2014-01-27', 75, 1, 12, 85.00, 1, 1),
(1599, '2014-01-27', 75, 2, 12, 85.00, 1, 1),
(1600, '2014-01-27', 75, 3, 12, 85.00, 1, 1),
(1601, '2014-01-27', 75, 4, 127, 1.00, 1, 1),
(1602, '2014-01-27', 76, 1, 12, 55.00, 1, 1),
(1603, '2014-01-27', 76, 2, 12, 55.00, 1, 1),
(1604, '2014-01-27', 76, 3, 12, 55.00, 1, 1),
(1605, '2014-01-27', 76, 4, 127, 1.00, 1, 1),
(1606, '2014-01-27', 77, 1, 40, 25.00, 1, 1),
(1607, '2014-01-27', 77, 2, 127, 1.00, 1, 1),
(1608, '2014-01-27', 98, 1, 5, 90.00, 1, 1),
(1609, '2014-01-27', 98, 2, 5, 90.00, 1, 1),
(1610, '2014-01-27', 98, 3, 5, 90.00, 1, 1),
(1611, '2014-01-27', 98, 4, 5, 90.00, 1, 1),
(1612, '2014-01-27', 98, 5, 127, 1.00, 1, 1),
(1613, '2014-01-27', 99, 1, 12, 30.00, 1, 1),
(1614, '2014-01-27', 99, 2, 12, 30.00, 1, 1),
(1615, '2014-01-27', 99, 3, 12, 30.00, 1, 1),
(1616, '2014-01-27', 99, 4, 127, 1.00, 1, 1),
(1617, '2014-01-27', 100, 1, 40, 25.00, 1, 1),
(1618, '2014-01-27', 100, 2, 127, 1.00, 1, 1),
(1619, '2014-01-30', 78, 1, 5, 155.00, 3, 1),
(1620, '2014-01-30', 78, 2, 5, 155.00, 3, 1),
(1621, '2014-01-30', 78, 3, 5, 155.00, 3, 1),
(1622, '2014-01-30', 78, 4, 5, 155.00, 3, 1),
(1623, '2014-01-30', 78, 5, 127, 1.00, 3, 1),
(1624, '2014-01-30', 79, 1, 12, 40.00, 3, 1),
(1625, '2014-01-30', 79, 2, 12, 40.00, 3, 1),
(1626, '2014-01-30', 79, 3, 12, 40.00, 3, 1),
(1627, '2014-01-30', 79, 4, 127, 1.00, 3, 1),
(1628, '2014-01-30', 80, 1, 40, 33.00, 3, 1),
(1629, '2014-01-30', 80, 2, 127, 1.00, 3, 1),
(1630, '2014-01-30', 94, 1, 5, 90.00, 3, 1),
(1631, '2014-01-30', 94, 2, 5, 90.00, 3, 1),
(1632, '2014-01-30', 94, 3, 5, 90.00, 3, 1),
(1633, '2014-01-30', 94, 4, 4, 90.00, 3, 1),
(1634, '2014-01-30', 94, 5, 127, 1.00, 3, 1),
(1635, '2014-01-30', 95, 1, 12, 35.00, 3, 1),
(1636, '2014-01-30', 95, 2, 12, 35.00, 3, 1),
(1637, '2014-01-30', 95, 3, 12, 35.00, 3, 1),
(1638, '2014-01-30', 95, 4, 127, 1.00, 3, 1),
(1639, '2014-01-30', 96, 1, 12, 20.00, 3, 1),
(1640, '2014-01-30', 96, 2, 12, 20.00, 3, 1),
(1641, '2014-01-30', 96, 3, 12, 20.00, 3, 1),
(1642, '2014-01-30', 96, 4, 127, 1.00, 3, 1),
(1643, '2014-01-31', 83, 1, 12, 90.00, 4, 1),
(1644, '2014-01-31', 83, 2, 12, 90.00, 4, 1),
(1645, '2014-01-31', 83, 3, 12, 90.00, 4, 1),
(1646, '2014-01-31', 83, 4, 127, 1.00, 4, 1),
(1647, '2014-01-31', 84, 1, 40, 60.00, 4, 1),
(1648, '2014-01-31', 84, 2, 127, 1.00, 4, 1),
(1649, '2014-01-31', 92, 1, 12, 270.00, 4, 1),
(1650, '2014-01-31', 92, 2, 12, 270.00, 4, 1),
(1651, '2014-01-31', 92, 3, 12, 270.00, 4, 1),
(1652, '2014-01-31', 92, 4, 127, 1.00, 4, 1),
(1653, '2014-01-31', 93, 1, 40, 180.00, 4, 1),
(1654, '2014-01-31', 93, 2, 127, 1.00, 4, 1),
(1655, '2014-01-31', 105, 1, 5, 185.00, 4, 1),
(1656, '2014-01-31', 105, 2, 5, 185.00, 4, 1),
(1657, '2014-01-31', 105, 3, 5, 185.00, 4, 1),
(1658, '2014-01-31', 105, 4, 5, 185.00, 4, 1),
(1659, '2014-01-31', 105, 5, 127, 1.00, 4, 1),
(1660, '2014-01-31', 107, 1, 12, 50.00, 4, 1),
(1661, '2014-01-31', 107, 2, 12, 50.00, 4, 1),
(1662, '2014-01-31', 107, 3, 12, 50.00, 4, 1),
(1663, '2014-01-31', 107, 4, 127, 1.00, 4, 1);

/*!40101 SET CHARACTER_SET_CLIENT=@OLD_CHARACTER_SET_CLIENT */;
/*!40101 SET CHARACTER_SET_RESULTS=@OLD_CHARACTER_SET_RESULTS */;
/*!40101 SET COLLATION_CONNECTION=@OLD_COLLATION_CONNECTION */;
